,SiteEnergyUse(kBtu),TotalGHGEmissions,NumberofBuildings,NumberofFloors,PropertyGFATotal,ENERGYSTARScore,age_batiment,PrimaryPropertyType
0,7226362.5,249.98,1.0,12,88434,60.0,89,Hotel
1,8387933.0,295.86,1.0,11,103566,61.0,20,Hotel
2,72587024.0,2089.28,1.0,41,956110,43.0,47,Hotel
3,6794584.0,286.43,1.0,10,61320,56.0,90,Hotel
4,14172606.0,505.01,1.0,18,175580,75.0,36,Hotel
5,12086616.0,301.81,1.0,2,97288,77.8,17,Other
6,5758795.0,176.14,1.0,11,83008,27.0,90,Hotel
7,6298131.5,221.51,1.0,8,102761,80.6,90,Other
8,13723820.0,392.16,1.0,15,163984,43.0,112,Hotel
10,16016644.0,691.26,1.0,11,153163,30.0,47,Hotel
11,26941110.0,740.97,1.0,25,333176,36.0,18,Hotel
12,6596057.5,328.23,1.0,9,65009,48.0,88,Hotel
13,22325364.0,648.62,1.0,33,315952,58.0,36,Hotel
14,10750010.0,511.39,1.0,11,92190,35.0,94,Hotel
15,18588860.0,181.38,1.0,11,412000,62.6,12,Other
16,9956396.0,433.86,1.0,6,103911,56.4,86,Other
17,33556756.0,802.89,1.0,28,416281,31.0,33,Hotel
18,7606084.5,273.02,1.0,5,57452,61.6,109,Mixed Use Property
19,10154608.0,349.32,1.0,10,104352,39.0,100,Hotel
20,44984468.0,1265.29,1.0,10,540360,76.0,100,Other
21,47859812.0,1699.45,1.0,19,385274,52.6,31,Other
23,3663534.5,90.01,1.0,6,88592,84.0,15,Hotel
24,11343686.0,388.04,1.0,7,126593,59.4,88,Other
25,1310236.625,9.13,1.0,2,67224,75.0,86,Other
26,5328051.5,256.57,1.0,8,158676,49.6,25,Hotel
27,11061916.0,328.63,1.0,10,171866,57.0,15,Hotel
29,4456714.5,128.44,1.0,5,68410,57.0,38,Hotel
32,4145920.5,157.77,1.0,3,87262,45.6,110,Small- and Mid-Sized Office
33,6668568.5,215.0,1.0,4,81871,29.0,22,Hotel
34,318364.8125,3.93,1.0,2,110356,84.0,61,Other
35,448385312.0,16870.98,1.0,3,494835,8.0,24,Mixed Use Property
36,44731160.0,311.84,3.0,2,714095,72.4,55,Warehouse
39,6186461.5,130.56,1.0,2,94900,57.0,55,Small- and Mid-Sized Office
40,2951331.25,83.86,1.0,2,52554,83.0,116,Small- and Mid-Sized Office
41,6994740.5,247.85,1.0,3,175015,95.0,62,Other
42,2158629.0,45.43,1.0,3,70586,60.6,105,Other
43,16163194.0,295.33,1.0,24,332210,67.0,47,Hotel
44,9536161.0,66.48,1.0,5,168115,78.0,43,Large Office
45,1247362.0,33.26,1.0,2,57428,66.6,96,Other
46,5071974.0,35.36,1.0,8,59400,14.0,106,Small- and Mid-Sized Office
47,15026196.0,584.31,1.0,2,52549,47.8,90,Mixed Use Property
48,4841347.5,59.19,1.0,20,98634,71.0,86,Hotel
49,80469216.0,2451.58,1.0,34,994212,63.0,34,Hotel
50,5348309.0,134.38,1.0,7,71150,98.0,31,Hotel
51,5401277.5,227.18,1.0,7,122810,99.0,108,Hotel
52,5284343.5,144.79,1.0,5,113173,86.0,57,Hotel
53,6715187.0,199.95,1.0,7,150453,84.0,16,Hotel
54,5827595.5,162.39,1.0,6,116300,80.0,19,Hotel
55,6836900.0,152.76,1.0,6,155602,81.0,18,Hotel
56,3234787.75,146.34,1.0,3,56072,76.0,105,Other
57,5337334.0,171.64,1.0,4,122942,94.0,17,Hotel
58,3375211.0,87.98,1.0,2,54984,71.0,54,Small- and Mid-Sized Office
59,42792072.0,1727.11,1.0,5,217603,54.0,94,Other
60,16402563.0,609.1,1.0,2,93397,1.0,46,Other
61,3706100.25,67.06,1.0,6,84103,74.0,8,Hotel
63,16701055.0,430.84,0.0,3,179014,48.0,51,Other
64,7258758.5,262.75,1.0,7,76631,71.0,108,Hotel
65,15473117.0,481.97,1.0,6,99780,78.6,33,Mixed Use Property
66,1049748.625,39.06,1.0,2,58320,96.0,87,Retail Store
67,13795954.0,138.85,1.0,5,316306,96.0,6,Large Office
68,19459304.0,526.85,1.0,7,282863,37.0,26,Hotel
72,39605888.0,617.52,1.0,12,571329,91.0,6,Large Office
74,875943.3125,6.11,1.0,1,60696,51.8,88,Other
76,4166306.25,29.04,0.0,2,66240,63.4,30,Small- and Mid-Sized Office
77,36667044.0,674.09,1.0,6,920598,93.0,6,Large Office
78,3476212.5,48.76,1.0,4,76213,68.0,46,Small- and Mid-Sized Office
79,5155568.5,152.14,1.0,6,96910,56.0,14,Hotel
80,5448975.0,191.2,2.0,4,50017,53.0,54,Hotel
82,2646879.0,78.85,1.0,3,67743,34.0,93,Other
83,6219841.5,243.23,1.0,6,194104,100.0,108,Other
84,4897760.0,34.14,1.0,3,99433,63.0,13,Small- and Mid-Sized Office
89,6357632.0,44.32,1.0,4,56521,60.4,75,Other
90,4253577.5,133.58,1.0,2,206934,45.6,87,Other
91,3611538.0,127.29,1.0,4,51390,89.0,15,Hotel
94,3242458.0,89.02,1.0,3,69138,78.0,14,Hotel
96,6505995.0,142.39,1.0,5,190980,98.0,112,Hotel
97,14641502.0,429.12,1.0,6,284100,78.6,18,Other
98,68090728.0,1990.5,4.0,5,285333,14.0,62,Other
100,9363374.0,176.75,1.0,4,61156,42.0,10,Other
101,2010454.625,46.26,1.0,4,72820,60.6,106,Other
102,7946961.0,228.4,1.0,4,162222,76.0,20,Hotel
104,3059758.0,74.33,1.0,3,63330,64.2,101,Other
105,38301744.0,866.23,27.0,2,441071,52.6,46,Other
106,16319835.0,222.02,1.0,2,96300,57.2,14,Small- and Mid-Sized Office
107,7475577.5,204.08,1.0,1,67356,56.4,66,Other
112,4253369.5,61.21,1.0,1,54765,60.2,58,Small- and Mid-Sized Office
113,1950092.5,100.46,1.0,5,89821,54.8,7,Other
114,4116871.5,104.26,1.0,2,52611,36.0,36,Other
115,4448582.5,129.39,1.0,4,139600,89.0,15,Other
117,13071700.0,422.39,3.0,6,250981,78.2,45,Other
119,65336980.0,2055.82,1.0,11,299070,66.6,12,Other
120,3242077.75,49.58,1.0,3,64015,21.0,9,Small- and Mid-Sized Office
121,27717034.0,723.47,1.0,1,530039,98.0,65,Retail Store
122,7265178.0,231.53,1.0,3,54224,62.2,52,Other
123,8765978.0,66.3,1.0,4,124342,76.0,51,Retail Store
124,253832464.0,8145.52,6.0,10,879000,10.0,63,Other
125,3191228.25,83.7,1.0,3,55442,72.0,20,Other
127,1381590.125,51.11,1.0,5,84870,49.0,106,Other
128,35891484.0,362.82,11.0,2,694072,65.4,46,Other
131,2100097.75,69.44,1.0,4,114297,61.0,112,Warehouse
134,6744317.0,297.43,1.0,1,234144,87.0,79,Warehouse
135,2944296.25,35.78,1.0,1,64984,72.0,50,Retail Store
136,9230223.0,369.14,1.0,1,67745,37.0,51,Retail Store
140,1851260.5,59.34,1.0,3,56000,54.6,43,Other
142,1377519.5,48.99,1.0,2,52088,63.6,47,Other
144,9373179.0,309.6,1.0,5,123920,79.0,18,Hotel
145,7548807.0,225.69,1.0,1,50000,62.2,116,Other
146,430473.6875,3.0,1.0,2,50292,56.6,90,Warehouse
147,11171988.0,338.16,1.0,7,207656,76.0,18,Hotel
149,9472358.0,175.77,1.0,2,91130,42.0,59,Small- and Mid-Sized Office
151,6197825.0,208.26,1.0,4,64893,70.0,48,Hotel
154,1677002.25,28.27,1.0,3,44558,78.0,116,Small- and Mid-Sized Office
155,59757440.0,892.63,1.0,6,1585960,72.4,17,Other
156,9436408.0,96.43,1.0,2,179161,77.4,92,Other
157,3928695.25,27.39,1.0,2,58640,59.8,51,Warehouse
158,58761304.0,1246.55,1.0,3,1172127,55.2,17,Other
159,12726789.0,388.37,1.0,9,168449,64.0,11,Hotel
160,2411402.25,16.81,0.0,4,79600,34.0,100,Warehouse
162,53466684.0,748.55,14.0,2,334368,72.4,36,Large Office
163,9134963.0,162.41,1.0,6,419848,42.0,8,Other
164,10557910.0,92.91,1.0,4,110785,79.0,14,Mixed Use Property
166,65047284.0,1638.46,1.0,0,934292,55.2,17,Hotel
167,143423024.0,4906.33,6.0,5,597519,34.0,26,Other
169,549181.375,9.63,1.0,3,75397,91.0,25,Warehouse
170,293090784.0,10734.57,9.0,8,1158691,29.0,16,Other
171,10105379.0,193.94,1.0,5,102796,48.8,17,Other
174,1377627.0,72.88,1.0,2,55653,98.0,88,Other
175,11935719.0,469.57,1.0,16,106860,49.0,85,Hotel
176,3147042.0,49.09,1.0,5,50759,62.0,44,Small- and Mid-Sized Office
177,2439484.75,84.57,1.0,2,56772,46.0,64,Worship Facility
178,4854429.5,149.93,1.0,3,103000,42.0,64,Worship Facility
185,6057410.0,57.21,1.0,7,128766,65.4,102,Other
186,5572503.0,254.87,1.0,9,107572,76.0,103,Other
187,62197176.0,433.6,1.0,15,230880,72.2,61,Other
192,3267564.0,101.41,1.0,1,76086,63.2,43,Other
193,28731502.0,661.04,1.0,5,190000,1.0,89,Other
194,25453690.0,1060.13,1.0,4,122309,8.0,55,Hotel
195,24017770.0,639.39,4.0,3,215476,36.6,21,Other
196,26659244.0,780.84,1.0,8,254273,29.0,13,Hotel
197,14833476.0,301.76,1.0,2,69400,79.8,36,Other
198,10394330.0,377.27,1.0,1,62900,49.2,116,Mixed Use Property
199,1380293.625,44.22,1.0,4,56500,98.0,102,Small- and Mid-Sized Office
200,3785282.5,26.39,1.0,4,203504,72.0,8,Warehouse
201,9788717.0,68.24,0.0,3,100734,20.0,48,Large Office
202,5007401.0,68.19,1.0,4,77662,57.0,35,Small- and Mid-Sized Office
203,18661606.0,149.27,1.0,12,234000,39.0,38,Large Office
204,24755086.0,172.58,1.0,25,369996,74.0,27,Large Office
205,40062888.0,398.19,1.0,10,693450,93.0,91,Retail Store
207,30985420.0,359.11,1.0,23,747747,90.0,16,Large Office
208,3444270.0,170.51,1.0,10,63409,90.0,90,Small- and Mid-Sized Office
209,7739699.0,100.26,1.0,17,204790,91.0,86,Large Office
210,3757006.0,26.19,1.0,5,73399,61.0,100,Small- and Mid-Sized Office
211,14633233.0,563.25,1.0,20,265851,90.0,47,Large Office
212,27018020.0,229.25,1.0,25,758043,95.0,7,Large Office
213,8580279.0,222.19,1.0,12,206000,91.0,48,Large Office
214,39523852.0,275.54,1.0,36,824887,97.0,7,Large Office
215,17867002.0,130.73,1.0,16,480840,94.0,26,Large Office
216,3903259.75,51.67,1.0,7,89550,85.0,116,Small- and Mid-Sized Office
217,4178233.5,31.97,1.0,6,89355,66.0,116,Small- and Mid-Sized Office
218,18576900.0,213.23,1.0,15,388934,89.0,94,Large Office
219,10062436.0,70.15,1.0,22,384302,98.0,87,Large Office
220,24906132.0,940.47,1.0,17,378525,69.0,58,Large Office
221,44683660.0,318.97,1.0,47,1323055,94.0,33,Large Office
222,24603420.0,171.52,1.0,41,589921,84.0,30,Large Office
223,1835804.875,46.56,1.0,6,91091,68.2,66,Small- and Mid-Sized Office
224,3743228.5,26.1,1.0,8,157941,81.0,48,Large Office
225,18221224.0,139.72,1.0,29,635303,95.0,25,Large Office
226,41399504.0,362.66,1.0,6,172842,72.4,58,Large Office
227,32552428.0,231.32,1.0,34,776762,81.0,36,Large Office
228,9641043.0,218.53,1.0,14,186768,95.0,44,Large Office
229,45163308.0,627.87,1.0,49,1123435,89.0,47,Large Office
230,41213584.0,287.32,1.0,37,1052469,93.0,14,Large Office
231,69519808.0,546.65,1.0,42,617684,28.0,43,Large Office
232,8921778.0,175.95,1.0,8,201480,91.0,109,Large Office
233,61576184.0,429.27,1.0,63,1354987,89.0,26,Large Office
234,21169502.0,380.37,1.0,14,310490,50.8,15,Large Office
235,13214416.0,298.61,1.0,8,199530,69.0,13,Large Office
236,13843866.0,216.24,1.0,13,372242,98.0,10,Large Office
237,2746560.75,70.17,1.0,7,114395,99.0,107,Large Office
238,6461937.0,89.47,1.0,2,89200,83.0,38,Retail Store
239,28450436.0,198.34,1.0,23,474546,77.0,45,Large Office
240,30038490.0,209.41,1.0,5,36000,96.0,47,Other
241,4728488.5,119.03,0.0,5,99005,70.0,55,Small- and Mid-Sized Office
242,4426136.0,30.86,1.0,6,135051,88.0,14,Large Office
243,7046345.5,49.12,1.0,5,220649,93.0,14,Large Office
244,873221.875,6.09,1.0,5,93660,69.6,52,Other
245,24224888.0,168.88,1.0,18,413715,79.0,36,Large Office
246,9765777.0,72.42,1.0,11,381381,94.0,16,Mixed Use Property
247,26823218.0,197.19,1.0,20,497513,65.0,28,Large Office
248,25307744.0,176.43,1.0,24,543876,79.0,37,Large Office
249,8218155.5,91.13,1.0,4,109347,66.6,36,Mixed Use Property
250,20361158.0,141.95,1.0,6,396626,64.0,34,Large Office
251,14913424.0,103.97,1.0,6,287471,74.0,14,Large Office
252,5357833.0,46.03,1.0,3,192630,94.0,69,Large Office
253,29949248.0,208.79,1.0,8,253103,3.0,32,Large Office
254,14293972.0,384.27,1.0,1,60880,54.0,60,Other
255,2933288.75,24.91,1.0,5,50176,77.0,116,Small- and Mid-Sized Office
256,23262244.0,741.3,1.0,42,304346,72.0,104,Large Office
257,1809101.5,78.92,1.0,1,128800,97.0,39,Warehouse
258,13656587.0,355.05,1.0,8,321945,76.0,89,Large Office
259,18967014.0,530.66,1.0,22,336330,77.0,52,Large Office
260,27076922.0,1084.79,1.0,21,298426,79.0,56,Large Office
261,48479988.0,337.97,1.0,42,635824,69.0,40,Large Office
262,56485204.0,2573.75,1.0,12,542305,45.0,93,Hotel
263,11688601.0,162.45,1.0,2,291940,80.0,36,Retail Store
264,4383100.5,116.03,0.0,1,88400,42.0,46,Mixed Use Property
265,930611.875,48.65,1.0,1,52311,96.0,56,Warehouse
266,3085814.0,21.51,1.0,5,141131,82.6,7,Other
267,5803409.0,40.46,1.0,5,176532,60.0,15,Large Office
268,3989399.0,70.47,1.0,1,52500,2.0,43,Warehouse
269,4560492.0,156.67,1.0,2,57300,55.0,57,Warehouse
270,18102026.0,224.36,1.0,6,350310,90.0,100,Large Office
271,53079164.0,588.9,1.0,55,1400000,92.0,28,Large Office
272,33729336.0,1510.85,1.0,21,305548,58.0,86,Hotel
273,56606136.0,530.18,1.0,46,1536606,89.0,27,Large Office
274,6423556.5,193.72,1.0,10,135918,91.0,58,Large Office
275,5252131.0,36.61,1.0,4,79957,25.0,102,Retail Store
276,7711757.5,148.11,1.0,4,127268,71.0,95,Large Office
277,18848780.0,131.4,1.0,29,500000,93.0,33,Large Office
278,6029020.0,65.2,0.0,10,132326,72.0,90,Large Office
279,7335905.5,51.14,1.0,6,109830,45.0,32,Large Office
280,37785552.0,1468.5,0.0,19,332067,6.0,43,Hotel
281,11651200.0,318.08,1.0,10,130513,49.0,106,Large Office
282,2586116.0,18.03,1.0,8,60660,62.0,96,Small- and Mid-Sized Office
283,6366084.5,202.99,1.0,14,137350,89.0,87,Large Office
284,5446624.0,238.09,1.0,15,151039,84.0,87,Large Office
285,52226204.0,793.05,1.0,30,755000,72.0,31,Large Office
286,3518459.5,74.83,1.0,4,63540,72.0,110,Small- and Mid-Sized Office
287,6962073.0,48.54,1.0,10,130893,80.0,89,Large Office
288,3009463.75,20.98,1.0,5,79920,77.4,106,Mixed Use Property
289,14940504.0,316.2,1.0,4,137400,79.8,108,Mixed Use Property
290,9671619.0,185.03,1.0,6,147852,42.0,20,Other
291,7273155.5,147.75,0.0,4,267335,60.2,20,Other
292,49517704.0,525.78,1.0,56,1605578,97.0,27,Large Office
293,26689658.0,216.43,1.0,36,794592,96.0,36,Large Office
294,19397324.0,135.23,1.0,21,456304,74.0,45,Large Office
295,4757299.5,33.17,1.0,12,115857,89.0,30,Large Office
296,4549892.0,31.72,1.0,4,87500,72.0,17,Small- and Mid-Sized Office
297,13329024.0,92.92,1.0,11,374405,72.0,18,Large Office
298,14436982.0,100.65,1.0,12,193500,78.4,31,Other
299,5327249.5,281.55,1.0,11,102846,96.0,93,Large Office
300,2429021.0,44.48,1.0,4,52800,83.0,91,Small- and Mid-Sized Office
301,20779796.0,418.9,3.0,10,258497,61.8,103,Mixed Use Property
302,17666646.0,328.83,1.0,8,861702,62.6,87,Retail Store
303,19295226.0,249.09,1.0,5,206950,62.6,17,Other
305,4169431.5,130.69,1.0,9,46710,69.0,28,Other
306,13911761.0,201.15,1.0,3,266000,65.0,71,Other
307,21156670.0,147.49,1.0,14,690158,58.0,24,Other
308,55073120.0,456.22,1.0,6,378443,100.0,15,Mixed Use Property
309,75073888.0,530.59,1.0,6,213834,100.0,15,Mixed Use Property
310,9474745.0,243.66,1.0,5,109017,34.0,37,Hotel
311,16373232.0,114.14,1.0,5,275734,77.0,35,Large Office
312,1987934.625,13.86,1.0,1,123061,59.0,15,Warehouse
313,2756214.75,117.11,1.0,1,59090,45.0,53,Other
314,763364.5,5.32,1.0,1,106000,93.0,53,Warehouse
315,18309150.0,236.9,1.0,3,158600,19.0,54,Large Office
316,775729.1875,5.44,1.0,1,119661,97.0,56,Other
317,4342597.0,30.27,1.0,7,139200,81.0,15,Large Office
318,3063504.5,21.36,1.0,6,95721,95.0,32,Small- and Mid-Sized Office
319,5661689.5,39.47,2.0,5,213283,83.0,20,Large Office
320,11319836.0,374.92,1.0,3,103697,7.0,15,Large Office
321,5134607.5,35.8,1.0,5,74880,56.0,42,Small- and Mid-Sized Office
322,6029121.5,42.03,1.0,6,88774,53.0,37,Small- and Mid-Sized Office
323,5535626.0,38.59,1.0,5,122250,93.0,33,Large Office
324,4742869.0,33.06,1.0,4,53730,20.0,37,Small- and Mid-Sized Office
325,4224872.5,93.23,1.0,3,55593,55.0,56,Small- and Mid-Sized Office
326,4695139.0,32.73,1.0,4,134056,54.0,34,Large Office
327,22394416.0,454.49,1.0,1,158415,25.0,11,Retail Store
328,48406556.0,349.07,1.0,8,287819,72.4,87,Large Office
330,2991674.75,20.86,1.0,4,86995,81.0,31,Small- and Mid-Sized Office
331,18390344.0,326.18,1.0,1,164437,62.0,17,Retail Store
332,5671256.0,40.47,1.0,5,184482,95.0,7,Large Office
333,11594121.0,269.71,1.0,3,55200,55.0,88,Other
334,33713876.0,849.83,1.0,4,241159,42.4,13,Other
335,3238216.0,22.57,1.0,6,139282,96.0,12,Large Office
336,7851334.5,61.93,1.0,5,271071,96.0,7,Large Office
337,2767491.0,29.53,1.0,5,127800,56.0,102,Warehouse
338,30083496.0,632.4,1.0,5,560516,71.0,14,Large Office
339,11963428.0,94.64,1.0,6,226592,49.0,15,Large Office
340,131373880.0,3995.45,1.0,5,535947,79.2,19,Other
341,31371618.0,726.96,1.0,5,159700,34.6,13,Mixed Use Property
342,6917478.5,122.68,1.0,4,209816,97.0,10,Large Office
343,7519466.5,69.59,1.0,6,303103,97.0,10,Large Office
344,2755829.0,74.1,1.0,3,67380,66.0,62,Mixed Use Property
345,24395228.0,587.16,1.0,4,102235,36.6,53,Other
346,45252356.0,1019.53,1.0,5,436497,52.6,8,Mixed Use Property
347,3415561.25,23.81,1.0,5,88062,80.0,42,Small- and Mid-Sized Office
348,3632613.75,25.32,1.0,5,87178,69.0,44,Small- and Mid-Sized Office
349,3493093.75,24.35,1.0,5,87178,86.0,46,Small- and Mid-Sized Office
350,3484915.5,24.29,1.0,5,88000,75.0,45,Small- and Mid-Sized Office
351,19165116.0,477.87,1.0,4,196749,5.0,28,Other
352,8422861.0,77.99,1.0,4,191276,21.0,22,Other
353,5697472.5,163.83,2.0,2,111445,77.2,70,Other
354,1090496.625,22.44,1.0,4,98475,83.0,19,Warehouse
355,42709624.0,1032.63,1.0,7,351530,23.0,16,Other
356,14512786.0,277.98,1.0,2,308965,78.0,21,Other
357,6522551.5,45.47,1.0,1,63225,100.0,8,Other
358,3574542.25,121.98,0.0,1,113780,47.2,61,Other
359,1396082.25,41.8,1.0,1,243044,100.0,17,Warehouse
360,11521702.0,80.32,1.0,3,280252,72.4,15,Other
361,6876439.5,47.94,1.0,3,66462,53.8,64,Other
362,8773058.0,110.46,1.0,1,131387,72.0,19,Retail Store
363,784364.5,10.24,1.0,3,94400,38.0,17,Warehouse
364,9814820.0,226.43,6.0,1,111900,29.8,52,Other
365,13424079.0,237.39,0.0,1,144776,56.0,32,Other
366,17225444.0,553.27,1.0,1,114000,79.0,49,Retail Store
367,8663691.0,158.92,1.0,1,50083,78.0,19,Other
368,4991360.5,34.9,1.0,3,124071,73.0,28,Large Office
369,3897738.0,27.17,1.0,4,90000,84.0,16,Small- and Mid-Sized Office
370,5413418.0,37.74,1.0,3,96041,70.0,15,Small- and Mid-Sized Office
372,8651835.0,85.01,1.0,4,243334,89.0,17,Large Office
373,52960796.0,1623.34,1.0,6,154660,70.8,25,Mixed Use Property
374,7683885.0,53.57,1.0,5,390295,95.0,34,Large Office
375,1429146.375,17.17,1.0,2,90000,87.0,49,Warehouse
376,1047461.0,32.22,1.0,1,50200,71.6,50,Retail Store
377,4758198.0,120.24,1.0,6,94033,51.0,91,Small- and Mid-Sized Office
378,227566.7031,8.15,1.0,2,63240,100.0,75,Warehouse
379,17085344.0,413.35,1.0,5,322869,56.0,8,Other
380,465533.3125,3.25,1.0,4,130293,58.6,28,Other
381,1123943.0,25.58,1.0,4,106041,94.0,19,Warehouse
382,1000796.875,33.18,1.0,3,94470,53.6,60,Other
383,7637986.0,53.25,1.0,10,181694,88.0,14,Large Office
384,318962.8125,2.22,1.0,2,69492,100.0,29,Retail Store
385,402051.3125,2.8,1.0,1,22780,33.0,50,Warehouse
386,5464762.0,237.36,1.0,1,124472,62.0,49,Other
387,8493420.0,59.21,1.0,22,227556,95.0,46,Large Office
388,1529510.25,42.65,1.0,1,50065,72.0,49,Other
389,2582687.0,76.68,1.0,1,57540,26.0,47,Other
390,1536998.25,10.72,1.0,1,85400,49.0,50,Warehouse
391,519806.0938,3.62,1.0,1,55700,63.0,50,Warehouse
392,1794187.25,46.93,1.0,1,53250,96.0,52,Small- and Mid-Sized Office
393,2179719.75,28.63,1.0,6,78672,98.0,29,Small- and Mid-Sized Office
394,325513.0,6.32,1.0,3,64660,89.0,30,Warehouse
395,3684188.5,38.48,1.0,2,75844,59.4,89,Mixed Use Property
396,9357230.0,204.81,1.0,1,161678,25.0,48,Other
397,21795830.0,152.71,1.0,1,101101,1.0,67,Other
398,1061458.25,32.02,1.0,1,52613,80.0,36,Other
399,5094197.0,74.31,1.0,1,56608,65.2,76,Other
400,17695420.0,142.36,1.0,1,104099,62.6,63,Other
401,14715262.0,414.43,1.0,1,58184,41.0,13,Other
402,11054535.0,272.54,1.0,1,58480,37.0,36,Other
404,9937707.0,190.61,1.0,4,264008,42.0,20,Retail Store
405,5444253.5,38.55,1.0,2,62220,32.0,102,Small- and Mid-Sized Office
406,3181045.5,90.24,1.0,1,65430,89.0,46,Small- and Mid-Sized Office
407,6062770.5,49.17,1.0,3,102290,26.0,10,Large Office
408,12232124.0,85.28,1.0,3,80004,76.4,90,Other
409,8024064.5,262.45,1.0,2,323916,92.0,25,Warehouse
410,21027396.0,247.35,1.0,14,304052,66.0,84,Mixed Use Property
411,4855036.5,33.85,1.0,4,85385,65.2,38,Small- and Mid-Sized Office
412,1988334.5,42.25,1.0,2,98024,94.0,27,Other
413,2603931.25,63.89,1.0,1,65000,77.6,88,Mixed Use Property
414,5135040.0,35.8,1.0,5,144573,62.0,26,Large Office
415,7290824.5,129.29,1.0,2,302812,97.0,66,Retail Store
416,9080022.0,293.55,1.0,5,86400,53.0,42,Small- and Mid-Sized Office
417,5450441.5,46.49,0.0,2,98539,67.4,47,Other
418,6361236.5,44.35,1.0,6,86483,56.0,35,Small- and Mid-Sized Office
419,1124543.125,22.1,1.0,1,51600,75.0,40,Other
420,2225512.0,57.73,1.0,1,140520,61.0,48,Warehouse
421,4636396.5,58.88,1.0,5,154029,95.0,30,Large Office
422,6963616.5,49.28,1.0,3,161789,66.0,11,Other
423,4765753.5,33.22,1.0,3,63909,68.8,11,Other
424,971155.625,34.0,1.0,2,53472,65.8,68,Warehouse
425,1847401.0,58.67,1.0,1,50417,14.0,36,Warehouse
426,11508035.0,611.19,1.0,1,43728,51.6,116,Other
427,15640994.0,295.48,1.0,3,133298,21.0,55,Other
428,6455828.5,91.1,1.0,2,168619,78.0,51,Retail Store
429,47102428.0,1156.45,0.0,5,251827,55.2,14,Mixed Use Property
430,6486377.5,45.22,1.0,4,175885,91.0,16,Large Office
431,1028376.875,23.86,1.0,2,104786,93.0,47,Warehouse
432,1770027.5,49.9,1.0,1,53040,60.0,16,Other
433,2339814.25,107.83,0.0,1,110689,62.4,43,Other
434,2058955.25,22.12,1.0,1,53620,86.0,68,Small- and Mid-Sized Office
435,3202213.0,65.3,1.0,1,50008,62.0,78,Small- and Mid-Sized Office
436,6657348.5,49.74,1.0,4,291176,98.0,7,Large Office
437,2551022.25,107.16,1.0,1,50832,63.0,59,Warehouse
438,2843033.5,20.29,1.0,1,76354,70.0,45,Other
439,2831565.5,39.5,1.0,1,98480,65.0,60,Warehouse
440,3441643.25,64.0,1.0,2,53002,75.0,112,Mixed Use Property
441,22530168.0,640.71,1.0,3,175918,52.2,8,Mixed Use Property
442,19155416.0,406.02,1.0,3,169785,46.6,96,Other
443,13898181.0,365.79,1.0,11,124721,58.0,45,Large Office
444,5662234.0,39.47,1.0,7,94002,70.0,46,Small- and Mid-Sized Office
445,1252323.875,8.73,1.0,1,93020,60.0,42,Warehouse
446,711118.375,25.74,1.0,1,23000,69.2,70,Other
447,13133225.0,306.5,1.0,1,61053,32.0,14,Other
449,2830674.75,19.73,1.0,5,78920,88.0,112,Small- and Mid-Sized Office
450,6606832.5,134.69,1.0,7,99440,64.0,110,Small- and Mid-Sized Office
451,2853189.5,19.89,1.0,6,73260,82.0,109,Small- and Mid-Sized Office
452,2178074.5,76.8,1.0,4,69817,87.0,116,Small- and Mid-Sized Office
453,2094724.625,26.04,1.0,4,84750,75.8,116,Small- and Mid-Sized Office
454,3570161.75,24.89,1.0,6,75496,59.4,116,Small- and Mid-Sized Office
455,7655751.0,130.31,1.0,4,164380,79.0,116,Large Office
456,4336187.5,99.59,1.0,7,160580,98.0,109,Large Office
457,3212269.0,22.39,1.0,6,73470,83.0,107,Small- and Mid-Sized Office
458,1904480.0,13.28,1.0,3,67755,60.2,110,Other
459,2371575.0,31.58,1.0,3,56700,37.0,106,Mixed Use Property
460,2153603.5,65.56,1.0,1,82852,83.0,94,Warehouse
461,3978277.0,132.6,1.0,2,76442,45.6,63,Other
462,3155496.0,74.18,1.0,2,92792,56.0,54,Other
463,2244317.0,15.65,2.0,2,125519,62.0,75,Other
464,4374646.0,30.5,1.0,4,129000,80.0,116,Large Office
465,861972.875,16.48,1.0,1,78814,69.0,62,Warehouse
466,1776411.75,41.18,1.0,4,58970,50.8,112,Small- and Mid-Sized Office
467,2688675.75,18.74,1.0,6,75600,15.0,106,Other
468,1056782.125,7.37,1.0,4,56270,86.4,109,Other
469,5608600.5,138.35,1.0,4,66842,31.0,112,Small- and Mid-Sized Office
470,2891605.0,20.18,1.0,6,75288,81.0,107,Small- and Mid-Sized Office
471,9722890.0,67.78,1.0,7,184322,81.0,112,Large Office
472,25567108.0,182.14,1.0,7,287853,43.0,7,Large Office
473,5968153.5,180.76,1.0,2,64512,53.0,102,Small- and Mid-Sized Office
474,63835192.0,445.62,1.0,6,286000,72.2,7,Mixed Use Property
475,3929371.0,98.43,1.0,7,144050,26.0,90,Warehouse
476,5049446.5,47.25,1.0,3,60592,16.0,86,Small- and Mid-Sized Office
477,74130576.0,810.7,0.0,6,1380959,79.0,104,Large Office
478,7221482.5,100.42,1.0,1,107930,57.0,23,Retail Store
479,1618110.375,49.25,1.0,1,99084,83.0,90,Warehouse
480,2581741.75,42.74,1.0,1,72719,28.0,63,Other
481,2773647.5,33.41,0.0,4,76624,91.0,86,Small- and Mid-Sized Office
482,8570571.0,59.75,1.0,6,91706,2.0,15,Small- and Mid-Sized Office
483,19248732.0,477.85,1.0,5,129093,6.0,8,Other
484,8381834.5,58.43,1.0,5,138106,41.0,25,Large Office
485,2409429.0,67.29,1.0,1,56572,66.0,43,Retail Store
487,20560622.0,692.12,1.0,0,225982,53.0,12,Other
488,39403320.0,734.72,0.0,0,516407,31.0,10,Mixed Use Property
489,25747022.0,185.39,1.0,11,312512,61.6,16,Large Office
490,56498868.0,481.06,1.0,42,1592914,97.0,11,Large Office
491,2478025.25,17.28,1.0,6,97720,53.8,90,Small- and Mid-Sized Office
492,17254810.0,190.1,1.0,10,422503,46.0,31,Other
493,5792926.0,40.38,1.0,7,94500,68.0,29,Other
494,5417598.0,94.74,0.0,1,94713,79.0,11,Retail Store
495,14751117.0,130.32,1.0,9,302902,58.0,8,Other
496,15067340.0,357.39,1.0,19,319911,50.0,43,Other
497,8138616.5,282.46,1.0,6,205521,94.0,116,Large Office
498,3065954.5,21.37,1.0,6,56700,55.0,116,Small- and Mid-Sized Office
499,2729167.75,23.48,1.0,4,72000,89.0,91,Small- and Mid-Sized Office
500,5101504.5,35.56,1.0,4,191146,93.0,16,Large Office
501,9029489.0,310.19,1.0,3,68763,32.4,15,Other
502,20725996.0,530.62,3.0,1,102133,52.2,22,Other
504,15725581.0,116.95,1.0,14,362046,86.0,8,Large Office
506,13085297.0,270.17,3.0,2,81336,82.0,22,Other
507,16020642.0,111.69,1.0,23,538933,90.0,15,Large Office
509,5233553.5,36.49,1.0,6,275982,69.4,33,Other
510,4391348.0,30.61,1.0,5,98668,91.0,34,Small- and Mid-Sized Office
511,8751704.0,98.54,1.0,1,158931,12.0,9,Large Office
512,22078064.0,357.86,1.0,1,105100,1.0,38,Large Office
514,2661488.0,60.7,1.0,1,50660,51.0,38,Retail Store
515,2203026.5,55.73,1.0,2,61929,59.0,79,Small- and Mid-Sized Office
516,25478086.0,177.62,1.0,4,165111,1.0,16,Large Office
517,27137190.0,189.18,1.0,4,129551,1.0,16,Large Office
518,802312.5,5.59,1.0,3,20565,65.0,91,Small- and Mid-Sized Office
519,7857972.5,54.78,1.0,5,159937,63.0,16,Large Office
520,14856199.0,103.57,1.0,5,183964,56.0,8,Large Office
521,5514308.5,116.74,1.0,5,208210,95.0,30,Large Office
522,12729858.0,88.74,1.0,7,277486,63.0,30,Large Office
523,10053489.0,70.09,1.0,3,187130,77.0,23,Large Office
524,17186624.0,119.81,1.0,5,251044,99.0,16,Large Office
525,1262235.25,8.8,1.0,5,154330,81.0,104,Warehouse
526,4515180.5,50.17,1.0,6,108245,63.4,98,Large Office
527,6797647.0,47.39,1.0,6,167860,70.0,111,Large Office
528,4946798.5,97.82,1.0,6,112560,86.0,106,Large Office
529,3241917.0,69.02,1.0,6,86204,89.0,106,Retail Store
530,8384523.0,119.46,1.0,2,145158,51.0,31,Warehouse
531,10287986.0,157.48,1.0,2,112896,66.0,65,Large Office
532,1015060.188,7.08,1.0,1,110613,95.0,56,Other
533,2417401.25,95.86,1.0,4,149881,97.0,65,Warehouse
534,6468090.0,75.29,1.0,3,98220,12.0,65,Warehouse
535,2848317.25,19.86,1.0,1,84420,55.0,46,Other
536,5197118.0,155.74,1.0,1,73335,60.8,55,Other
537,1791715.625,48.5,1.0,2,56876,66.8,88,Other
538,4912143.0,178.62,1.0,2,61200,16.0,85,Warehouse
539,1555420.25,34.14,1.0,1,111908,87.0,29,Other
540,6858533.5,168.5,3.0,2,63644,65.2,30,Other
541,3639670.25,25.37,3.0,2,108753,63.8,86,Mixed Use Property
542,16865978.0,293.56,1.0,1,141890,91.0,46,Other
543,4817062.0,33.58,1.0,4,92092,5.0,15,Small- and Mid-Sized Office
544,2346571.5,86.9,0.0,3,56259,56.6,42,Warehouse
545,25631512.0,710.7,1.0,6,143439,41.6,10,Other
546,8873485.0,61.86,1.0,4,202623,73.0,8,Large Office
547,5481549.0,38.21,1.0,2,77174,33.0,16,Small- and Mid-Sized Office
548,6859198.0,47.82,1.0,5,110524,57.0,18,Large Office
549,21042926.0,314.43,1.0,5,287224,57.0,8,Mixed Use Property
550,36436388.0,1154.79,1.0,4,115748,38.4,17,Other
551,8655604.0,68.06,1.0,7,241875,88.0,16,Large Office
552,4750799.0,65.03,1.0,5,102930,85.0,42,Large Office
553,12029600.0,260.13,1.0,3,76893,71.2,114,Small- and Mid-Sized Office
554,9343428.0,119.93,1.0,8,150000,65.0,41,Large Office
555,16540550.0,147.82,1.0,7,274362,82.0,63,Large Office
556,17750994.0,246.83,1.0,15,378002,85.0,33,Large Office
557,11480494.0,346.62,1.0,11,169020,83.0,53,Large Office
558,274682208.0,1921.82,1.0,33,429405,98.0,35,Other
559,92937640.0,882.56,1.0,76,1952220,86.0,31,Large Office
560,15878689.0,110.7,1.0,19,383515,90.0,35,Large Office
561,22104512.0,582.28,1.0,18,363934,68.0,91,Other
562,8303666.5,109.85,1.0,4,78920,80.0,87,Retail Store
564,46510960.0,324.25,1.0,0,947987,72.4,17,Other
565,3686962.25,150.88,1.0,4,55520,57.6,108,Mixed Use Property
566,3775187.5,133.8,1.0,10,132998,97.0,108,Large Office
567,2443141.5,27.82,1.0,3,83118,59.0,76,Retail Store
568,7802205.5,54.4,1.0,3,77555,39.0,92,Retail Store
569,2886141.5,20.12,1.0,6,51218,57.0,107,Small- and Mid-Sized Office
570,36378588.0,426.39,1.0,29,489182,43.0,46,Large Office
571,16246106.0,639.72,1.0,27,216571,62.0,87,Large Office
572,19036416.0,132.71,1.0,13,189175,13.0,95,Large Office
573,17074142.0,119.03,1.0,13,293803,25.0,18,Large Office
574,4585070.5,41.8,1.0,7,122356,91.0,106,Large Office
575,1968655.125,13.72,1.0,3,52298,89.0,95,Small- and Mid-Sized Office
577,37980712.0,264.78,1.0,42,1249055,95.0,35,Large Office
579,8523594.0,89.41,1.0,5,188339,15.0,28,Other
580,690529.5,9.31,1.0,2,60122,79.2,100,Other
581,4052720.0,31.43,1.0,6,95000,83.0,106,Small- and Mid-Sized Office
582,15272491.0,390.67,1.0,9,224857,79.0,45,Large Office
583,13568148.0,94.59,1.0,8,446261,96.0,18,Large Office
584,1594422.5,51.56,1.0,2,58492,52.0,77,Other
585,4353025.0,30.35,1.0,6,62370,30.0,109,Small- and Mid-Sized Office
586,2356376.75,73.58,1.0,1,73296,83.0,56,Warehouse
587,14469228.0,179.45,1.0,4,99122,71.6,72,Other
588,6345009.5,89.94,1.0,1,66133,63.4,31,Other
589,3534690.75,111.23,1.0,2,115668,58.0,64,Warehouse
590,6673138.0,46.52,1.0,1,141686,53.8,46,Other
591,6235947.0,152.28,1.0,1,93610,95.0,66,Small- and Mid-Sized Office
592,6843855.0,60.92,1.0,2,156188,67.0,43,Large Office
593,1951856.25,13.61,1.0,1,115620,11.0,50,Warehouse
594,10775646.0,75.12,1.0,5,238148,93.0,41,Large Office
595,151754.2969,1.06,1.0,1,71718,100.0,47,Other
596,4345698.0,131.64,1.0,1,55450,31.0,47,Warehouse
597,2763597.0,89.53,1.0,1,54880,32.0,37,Other
598,7305474.0,158.55,1.0,1,102500,81.0,24,Retail Store
599,8915523.0,119.92,1.0,6,361398,62.2,14,Other
600,7439009.0,195.43,1.0,1,50785,57.0,53,Other
602,11077140.0,99.14,1.0,5,303255,69.2,16,Other
603,15091579.0,455.39,1.0,1,411584,43.0,30,Other
604,1141189.75,29.16,1.0,4,73320,83.6,114,Mixed Use Property
605,9683979.0,67.51,1.0,4,242686,77.0,8,Large Office
606,5392617.5,74.45,1.0,6,95760,83.0,116,Small- and Mid-Sized Office
607,3459543.0,24.12,1.0,1,179413,57.0,70,Warehouse
608,605971.1875,4.22,0.0,1,65288,86.0,99,Warehouse
609,602245.0,4.2,1.0,1,170632,98.0,50,Warehouse
610,11410228.0,106.12,1.0,10,381511,87.0,22,Large Office
611,13631141.0,95.03,1.0,17,413264,91.0,7,Large Office
612,4865551.5,79.39,1.0,6,122400,63.0,7,Mixed Use Property
613,5453438.5,110.41,1.0,2,93803,76.8,60,Retail Store
615,3004271.0,20.94,1.0,2,123000,47.0,50,Warehouse
616,9941308.0,69.3,1.0,5,275130,70.0,13,Other
617,1052244.75,27.24,1.0,1,60448,90.0,38,Warehouse
618,291614432.0,12307.16,7.0,14,1765970,54.0,22,Other
619,11147342.0,406.04,3.0,4,62600,65.6,88,Other
620,2655387.5,20.85,1.0,4,77412,62.0,12,Mixed Use Property
621,12731388.0,133.5,1.0,5,289419,59.0,26,Other
622,7771933.5,54.18,1.0,5,90266,18.0,29,Other
623,1165598.875,14.49,1.0,4,87332,87.0,12,Warehouse
624,13410041.0,453.76,1.0,6,150545,28.0,13,Hotel
625,19085174.0,341.23,1.0,5,141718,59.4,17,Other
626,9444484.0,278.97,1.0,5,111856,8.0,8,Hotel
627,1083729.625,7.56,1.0,4,132828,83.0,28,Warehouse
628,13962749.0,284.01,1.0,1,70400,1.0,46,Warehouse
629,10713006.0,295.12,1.0,1,101830,60.0,21,Retail Store
631,7575080.0,109.71,2.0,4,114000,59.8,42,Other
633,1069749.75,13.07,1.0,1,152365,88.0,51,Warehouse
634,25471308.0,189.85,1.0,6,320946,57.0,106,Other
635,5402181.0,134.82,1.0,1,74178,60.8,58,Retail Store
636,686019.1875,16.27,1.0,4,80360,96.0,29,Warehouse
638,10077532.0,267.0,1.0,3,119190,71.0,20,Other
639,1938613.125,13.51,1.0,2,51856,65.4,8,Other
640,7070998.5,49.29,1.0,3,66138,3.0,95,Mixed Use Property
641,17880184.0,128.73,1.0,3,113944,1.0,56,Large Office
644,1997181.5,25.6,1.0,3,93079,32.0,16,Other
651,778355.8125,31.74,1.0,2,22220,90.0,59,Worship Facility
656,2042771.0,30.52,1.0,1,44700,79.4,54,Mixed Use Property
657,1618916.375,11.29,1.0,1,44100,1.0,40,Warehouse
658,1224186.25,24.39,1.0,1,27800,13.0,51,Other
660,2564004.0,17.87,1.0,1,46340,3.0,15,Warehouse
661,2222097.5,101.5,3.0,1,22800,72.6,22,Other
663,1950713.25,36.02,1.0,3,38460,69.0,106,Small- and Mid-Sized Office
669,945245.625,43.84,1.0,2,21022,54.0,94,Worship Facility
680,2143650.75,86.46,1.0,1,48001,49.0,49,Other
681,509124.0,3.58,1.0,1,26380,69.4,37,Warehouse
682,2559461.75,77.04,1.0,1,37351,10.0,47,Warehouse
683,345866.6875,2.41,1.0,1,30375,73.0,35,Warehouse
684,369291.5,2.57,1.0,1,30004,90.0,37,Warehouse
687,10960107.0,416.07,1.0,3,39971,65.6,88,Other
689,509836.1875,21.93,1.0,2,33589,90.0,102,Worship Facility
692,3220635.25,22.65,1.0,3,43500,46.0,37,Small- and Mid-Sized Office
693,1896298.875,37.78,1.0,2,28492,12.0,38,Small- and Mid-Sized Office
694,1401315.875,9.77,1.0,3,22325,77.0,53,Small- and Mid-Sized Office
695,1358519.0,9.47,1.0,3,22719,77.0,39,Other
697,7251589.0,50.55,1.0,2,44588,66.0,70,Other
715,6787070.0,169.75,1.0,2,147545,69.0,99,Retail Store
716,1114384.625,7.77,1.0,2,21462,80.0,93,Other
726,1362523.0,63.48,1.0,2,28072,57.2,99,Other
730,4970047.0,207.6,1.0,2,31020,49.8,61,Other
731,1636649.125,29.62,1.0,2,21600,56.0,99,Small- and Mid-Sized Office
732,4322873.0,141.2,1.0,5,61825,59.0,42,Small- and Mid-Sized Office
735,1408291.375,9.82,1.0,3,64630,96.0,74,Small- and Mid-Sized Office
736,1042108.5,42.19,1.0,2,20920,15.0,68,Worship Facility
742,608359.6875,25.24,1.0,2,22128,94.0,90,Worship Facility
745,859236.625,24.02,1.0,1,48139,98.0,48,Retail Store
750,965651.125,43.8,1.0,2,21364,86.0,67,Worship Facility
768,439311.9063,15.27,1.0,2,28923,80.6,24,Other
770,323739.4063,6.33,1.0,3,21600,81.0,88,Other
773,1169394.875,18.1,1.0,1,25735,82.0,20,Retail Store
775,4801472.0,154.17,1.0,2,25862,20.0,60,Retail Store
776,3377209.75,29.54,1.0,2,49965,82.0,13,Retail Store
780,511797.4063,14.22,1.0,2,20028,95.0,87,Small- and Mid-Sized Office
782,552007.5,9.95,1.0,7,23622,100.0,116,Small- and Mid-Sized Office
783,883197.6875,6.16,1.0,3,23563,67.0,114,Small- and Mid-Sized Office
784,1062722.625,24.25,1.0,3,28600,83.0,113,Mixed Use Property
785,2186018.5,15.24,1.0,2,38539,55.0,38,Mixed Use Property
786,1989287.0,13.87,1.0,5,26840,24.0,110,Small- and Mid-Sized Office
787,1245187.5,8.68,1.0,2,46800,86.0,110,Retail Store
788,2067352.5,14.63,1.0,3,63990,51.0,37,Small- and Mid-Sized Office
789,1345025.75,28.81,1.0,3,28800,50.0,108,Small- and Mid-Sized Office
792,1696978.75,60.43,1.0,3,33552,75.0,62,Small- and Mid-Sized Office
793,1560461.75,33.78,1.0,2,26270,32.0,85,Retail Store
794,2385395.0,16.63,1.0,3,57620,50.0,90,Small- and Mid-Sized Office
796,418348.5,2.92,1.0,2,28696,56.6,62,Mixed Use Property
797,2443065.25,66.29,1.0,5,57800,87.0,26,Hotel
805,1858224.625,12.95,1.0,2,31890,2.0,61,Other
806,1441900.5,41.69,1.0,2,44098,53.0,91,Small- and Mid-Sized Office
807,3532966.5,126.78,1.0,3,22381,47.2,93,Other
809,33268410.0,1266.06,0.0,4,49249,45.2,90,Other
810,439521.0938,11.14,1.0,1,24825,80.6,91,Retail Store
815,1553208.375,10.83,1.0,4,26670,51.0,64,Other
819,3095882.0,86.02,1.0,2,37740,54.6,94,Other
828,1067153.75,30.33,1.0,1,23752,88.6,51,Small- and Mid-Sized Office
829,2669564.25,72.78,1.0,4,44416,61.0,49,Hotel
830,2547848.0,30.6,1.0,2,33792,53.8,10,Mixed Use Property
847,1145535.75,36.43,1.0,2,45991,77.0,88,Worship Facility
858,605130.6875,4.22,1.0,3,21499,85.0,95,Other
859,1791071.375,13.91,1.0,2,20384,16.0,27,Small- and Mid-Sized Office
861,5238803.0,47.12,1.0,2,39265,69.4,60,Retail Store
862,6778694.0,63.61,1.0,2,54284,18.0,60,Retail Store
863,2545405.0,28.41,1.0,1,23409,67.0,60,Retail Store
864,4644178.0,47.66,1.0,1,63153,63.4,19,Retail Store
867,1587454.75,46.57,2.0,2,24100,91.0,55,Hotel
868,4475650.0,101.99,1.0,3,33600,36.0,93,Other
873,1857154.75,74.92,1.0,4,32356,81.0,89,Other
874,3993913.25,126.3,1.0,7,61180,24.0,56,Hotel
875,3460275.5,99.15,1.0,5,43506,51.0,38,Small- and Mid-Sized Office
882,496477.3125,18.66,1.0,2,23931,88.0,106,Worship Facility
883,845961.375,32.64,1.0,2,21393,57.0,68,Worship Facility
887,1132489.625,33.23,1.0,2,47560,80.0,26,Mixed Use Property
888,1076733.25,34.98,1.0,6,62334,100.0,10,Other
890,1500309.75,64.51,1.0,3,20960,57.2,86,Other
894,717056.375,8.45,1.0,3,28800,62.0,106,Other
895,1261536.75,38.87,1.0,2,21600,72.0,59,Other
896,931148.625,6.49,1.0,3,22860,43.0,21,Other
900,888031.875,32.22,1.0,1,26366,88.0,44,Worship Facility
904,860364.1875,23.59,1.0,2,21732,2.0,51,Worship Facility
911,350264.5938,6.69,1.0,1,21060,81.0,71,Mixed Use Property
912,1678458.75,37.31,1.0,4,20539,58.8,56,Mixed Use Property
921,813641.0,5.67,1.0,3,32960,71.0,116,Retail Store
922,688641.8125,4.8,1.0,3,29636,67.2,95,Other
923,716279.6875,4.99,1.0,3,20571,72.0,86,Hotel
932,3040195.5,118.37,1.0,2,47992,17.0,90,Worship Facility
934,2717863.25,89.57,1.0,3,28572,16.0,23,Other
952,2882489.75,20.09,0.0,15,115775,94.0,34,Other
953,1128179.125,27.14,1.0,2,31386,52.0,16,Worship Facility
954,6689184.0,202.65,5.0,3,21500,44.0,27,Other
963,2641681.75,20.08,1.0,2,84116,68.0,4,Small- and Mid-Sized Office
964,8690648.0,355.8,1.0,9,104000,8.0,91,Hotel
966,3321035.75,23.15,1.0,3,78374,98.0,35,Other
968,1841154.25,26.11,1.0,2,38784,67.6,9,Mixed Use Property
972,2177075.0,33.37,1.0,2,41790,75.0,47,Other
973,2178690.5,49.98,1.0,5,39960,77.0,116,Small- and Mid-Sized Office
974,90558.70313,0.63,1.0,5,33300,96.0,116,Warehouse
975,2147968.25,120.91,1.0,11,36240,98.0,90,Hotel
976,3042875.5,145.48,1.0,3,39320,38.6,94,Other
978,2735166.0,19.07,1.0,5,41536,64.8,108,Other
980,3321603.0,130.58,1.0,6,35820,94.0,107,Hotel
982,3987215.5,185.23,1.0,2,33462,76.0,94,Other
983,2096835.5,89.29,1.0,3,49744,98.0,51,Other
984,1411305.5,43.45,1.0,2,37816,60.0,93,Worship Facility
985,1354000.625,35.04,0.0,2,23315,75.0,90,Mixed Use Property
986,4265815.0,188.67,1.0,2,20700,59.0,86,Mixed Use Property
989,3343550.0,100.21,1.0,1,41521,63.2,68,Other
990,1906384.875,13.29,1.0,2,25762,100.0,70,Other
992,6118300.5,210.3,1.0,1,33334,71.8,32,Other
993,2686765.0,34.15,1.0,3,43387,60.0,35,Small- and Mid-Sized Office
1000,267135.0938,1.86,1.0,1,39350,79.8,37,Mixed Use Property
1002,3498214.75,134.57,0.0,1,22405,57.6,67,Other
1010,1811506.375,13.16,1.0,1,37500,36.0,31,Warehouse
1011,2615247.75,33.92,1.0,2,39000,25.0,26,Other
1012,5089083.0,147.0,1.0,1,22180,60.8,92,Other
1017,1219744.75,12.48,1.0,1,25920,80.0,47,Other
1018,741287.1875,5.17,1.0,1,25480,57.0,63,Other
1019,2301043.75,19.93,1.0,2,31000,77.0,46,Warehouse
1020,1467060.25,19.82,1.0,1,29740,57.0,55,Small- and Mid-Sized Office
1021,433871.0,13.02,1.0,1,23236,80.6,62,Other
1022,1921801.25,19.04,1.0,3,38075,60.2,7,Small- and Mid-Sized Office
1024,2130673.75,63.06,1.0,2,39170,81.0,46,Small- and Mid-Sized Office
1025,1441665.375,10.05,0.0,1,36070,71.2,39,Other
1027,117438.3984,0.82,1.0,2,20047,96.0,53,Other
1030,557863.6875,3.89,1.0,1,20000,75.0,102,Retail Store
1031,248616.0,1.73,1.0,2,32400,91.0,61,Warehouse
1033,8905287.0,247.85,1.0,1,25159,38.0,54,Other
1035,2332996.5,83.1,1.0,1,27247,56.6,68,Other
1041,243518.2031,1.7,1.0,1,26680,92.0,61,Other
1042,1788148.0,61.71,1.0,1,31521,6.0,63,Warehouse
1043,1257033.5,46.64,1.0,1,24000,51.0,65,Warehouse
1044,1333637.625,65.65,1.0,1,21900,57.2,64,Other
1045,145468.7969,5.46,1.0,1,39900,100.0,63,Retail Store
1046,752093.625,10.75,1.0,1,38005,57.2,55,Warehouse
1047,1096646.25,39.05,1.0,1,35579,72.0,18,Other
1049,238969.7031,1.67,1.0,1,49950,77.0,41,Other
1054,731321.8125,31.6,1.0,2,22612,87.0,69,Worship Facility
1058,3204685.5,67.52,1.0,2,38787,77.4,40,Other
1059,753275.1875,28.58,2.0,2,50368,67.8,28,Other
1060,1577040.875,61.53,1.0,1,30545,12.0,78,Warehouse
1071,971990.3125,29.82,1.0,3,32691,99.0,94,Other
1073,1086678.125,47.59,1.0,2,24227,55.0,53,Worship Facility
1081,651293.3125,18.85,1.0,1,27000,61.0,60,Other
1093,361542.0938,2.52,1.0,2,21183,99.0,59,Small- and Mid-Sized Office
1094,755618.1875,6.18,1.0,3,29392,91.0,55,Small- and Mid-Sized Office
1096,4704936.5,32.8,1.0,5,137738,62.0,31,Large Office
1104,1361427.75,39.5,1.0,3,21118,49.0,28,Other
1106,1326178.125,11.27,1.0,2,20500,48.0,116,Small- and Mid-Sized Office
1109,12148720.0,480.9,1.0,2,34636,3.0,50,Other
1110,605186.3125,15.47,1.0,2,25521,82.0,86,Worship Facility
1111,1705515.25,68.14,1.0,1,23190,79.0,30,Other
1115,770333.0,32.63,1.0,1,20678,98.0,56,Small- and Mid-Sized Office
1116,2595783.5,106.45,1.0,3,28820,43.0,94,Other
1119,1829981.375,68.97,1.0,2,27876,69.0,62,Worship Facility
1123,6782435.0,235.26,1.0,2,48882,51.0,50,Other
1124,439065.9063,3.06,1.0,1,22320,62.0,39,Warehouse
1125,10234721.0,348.22,1.0,1,47105,49.2,40,Other
1126,1471914.25,10.26,1.0,2,40029,69.0,34,Small- and Mid-Sized Office
1127,1269367.5,8.85,1.0,2,28304,67.0,46,Small- and Mid-Sized Office
1128,452612.5,3.16,1.0,1,26400,56.6,46,Other
1129,1778431.75,64.81,1.0,1,27680,47.4,48,Warehouse
1130,1787119.0,45.79,1.0,2,25872,60.0,47,Small- and Mid-Sized Office
1131,2399353.5,81.96,1.0,2,25872,41.0,47,Small- and Mid-Sized Office
1132,222600.0938,1.55,1.0,1,20500,65.0,47,Warehouse
1133,534703.6875,3.73,1.0,2,21436,95.0,58,Small- and Mid-Sized Office
1134,630250.125,18.16,1.0,1,20233,88.2,18,Mixed Use Property
1136,1010967.688,14.49,1.0,4,39926,63.8,10,Small- and Mid-Sized Office
1139,1126157.25,28.09,1.0,3,31417,94.0,31,Small- and Mid-Sized Office
1142,710275.375,4.95,1.0,6,46580,57.0,88,Other
1144,478690.0938,3.34,1.0,2,25920,5.0,100,Retail Store
1146,1011667.5,13.71,1.0,2,25920,93.0,97,Retail Store
1147,2897079.75,36.92,1.0,8,61721,93.0,106,Hotel
1150,1793851.375,46.48,1.0,2,25920,75.0,97,Small- and Mid-Sized Office
1154,2478960.0,149.91,1.0,4,39760,92.0,91,Small- and Mid-Sized Office
1155,2823184.0,94.85,1.0,3,30971,52.6,96,Other
1156,3767135.0,148.55,1.0,3,22667,1.0,70,Small- and Mid-Sized Office
1158,2227638.25,60.88,1.0,2,33840,69.0,89,Warehouse
1159,4193371.0,110.17,5.0,3,41827,36.0,15,Mixed Use Property
1161,1291405.25,9.0,1.0,5,33740,79.0,15,Small- and Mid-Sized Office
1162,1021796.625,42.04,1.0,2,20516,98.0,105,Retail Store
1163,1215156.25,8.47,1.0,3,27480,88.0,110,Retail Store
1165,1818867.875,30.32,1.0,1,46958,95.0,69,Mixed Use Property
1166,1934224.25,66.53,1.0,1,26532,5.0,32,Other
1167,576405.125,9.46,1.0,2,22388,69.6,35,Small- and Mid-Sized Office
1168,3050455.25,73.52,1.0,1,30730,64.2,47,Other
1169,2173143.75,18.34,1.0,2,35600,47.0,30,Small- and Mid-Sized Office
1171,1799664.125,82.34,1.0,3,62000,81.0,67,Worship Facility
1172,776248.6875,5.41,1.0,2,23600,82.0,35,Small- and Mid-Sized Office
1174,2303732.75,16.06,1.0,3,40067,43.0,30,Small- and Mid-Sized Office
1175,1074989.0,7.49,1.0,3,26419,67.0,27,Small- and Mid-Sized Office
1176,1469556.25,23.85,1.0,3,25262,54.0,37,Small- and Mid-Sized Office
1177,4877959.0,38.12,0.0,3,53103,65.2,20,Other
1178,1619177.125,11.29,1.0,3,34106,57.0,36,Small- and Mid-Sized Office
1179,2313978.75,16.13,1.0,3,34545,29.0,36,Small- and Mid-Sized Office
1180,2782066.5,19.39,1.0,3,70296,86.0,36,Small- and Mid-Sized Office
1181,1217509.125,8.49,1.0,4,27838,77.0,114,Small- and Mid-Sized Office
1182,1856230.625,30.02,2.0,2,28368,60.8,45,Other
1189,5155090.5,127.1,1.0,2,92080,60.8,52,Other
1191,1965182.25,49.58,1.0,1,20236,65.6,55,Other
1192,2050600.75,40.22,1.0,2,39815,62.0,65,Small- and Mid-Sized Office
1194,2280352.5,15.9,1.0,4,25557,74.2,46,Other
1195,3076813.25,122.73,1.0,2,26994,62.2,58,Other
1196,1485945.875,10.36,1.0,1,48112,73.0,44,Warehouse
1197,1208029.25,32.86,1.0,1,20909,66.6,7,Other
1198,1772188.5,12.35,1.0,2,42793,27.0,15,Small- and Mid-Sized Office
1201,5912066.0,176.79,1.0,2,45000,77.2,9,Other
1203,1689372.625,36.74,1.0,1,26115,43.0,18,Retail Store
1205,1149140.25,45.33,1.0,1,26033,78.0,67,Worship Facility
1207,1881516.125,61.98,1.0,4,48660,82.0,9,Other
1208,5400049.5,180.38,1.0,2,46539,73.0,46,Other
1210,2233262.0,79.58,1.0,4,29796,47.0,107,Other
1211,983595.875,17.12,1.0,2,26400,36.0,96,Retail Store
1212,1262255.75,8.8,1.0,3,38148,98.0,98,Small- and Mid-Sized Office
1214,456953.0,12.77,1.0,2,28800,80.6,88,Mixed Use Property
1215,1806468.0,12.59,1.0,5,31945,4.0,61,Worship Facility
1220,4480961.0,31.24,1.0,5,85963,43.0,31,Small- and Mid-Sized Office
1226,1169948.875,26.38,1.0,4,34680,92.0,116,Retail Store
1227,5587347.0,247.97,1.0,3,75058,24.0,48,Worship Facility
1229,24105.5,0.17,1.0,3,57720,96.0,113,Small- and Mid-Sized Office
1230,2100982.75,20.76,1.0,1,36504,2.0,101,Retail Store
1231,2998208.25,20.9,1.0,6,35200,8.0,109,Small- and Mid-Sized Office
1232,1538750.625,48.35,1.0,5,35840,83.0,109,Small- and Mid-Sized Office
1233,1333432.125,9.3,1.0,2,25920,60.0,75,Other
1234,2883139.0,73.61,1.0,4,30525,17.0,88,Small- and Mid-Sized Office
1237,8476183.0,101.34,1.0,4,49243,66.6,52,Other
1244,2014475.875,71.23,0.0,3,20411,69.0,104,Other
1252,2946756.25,85.55,1.0,2,30855,2.0,54,Other
1253,2828950.5,107.45,1.0,3,73549,90.0,106,Small- and Mid-Sized Office
1255,10834087.0,462.4,1.0,5,45780,67.0,28,Other
1256,3735308.5,60.04,0.0,3,39115,42.0,53,Other
1257,1107290.625,55.61,1.0,3,38038,73.8,100,Other
1258,2465983.5,123.41,1.0,3,37796,55.0,54,Worship Facility
1262,5355753.0,37.34,1.0,1,27744,69.4,23,Small- and Mid-Sized Office
1263,161311.0938,1.12,1.0,1,36444,80.0,56,Warehouse
1264,966677.125,31.61,1.0,1,27553,63.0,66,Warehouse
1265,1253745.5,34.87,3.0,1,57310,60.4,65,Other
1266,989079.5,16.57,1.0,2,25920,79.6,96,Mixed Use Property
1267,2106073.5,73.0,1.0,3,40686,60.4,97,Other
1268,2553763.5,82.72,1.0,2,45271,57.0,52,Retail Store
1269,1372213.375,35.77,1.0,3,28380,62.0,96,Small- and Mid-Sized Office
1270,28053172.0,487.53,1.0,5,508160,77.0,7,Large Office
1271,966907.375,32.09,1.0,3,26176,95.0,90,Small- and Mid-Sized Office
1272,7442314.5,73.48,1.0,1,37740,1.0,90,Small- and Mid-Sized Office
1273,5277482.5,184.09,1.0,1,26000,65.2,55,Other
1275,739210.5,20.64,1.0,3,23241,66.0,7,Worship Facility
1276,17673018.0,255.83,1.0,1,155795,57.0,54,Other
1277,1761137.5,24.62,1.0,1,21018,63.2,14,Other
1278,5903015.0,192.12,1.0,1,30533,62.4,18,Other
1279,17686444.0,523.95,1.0,2,33971,40.6,55,Other
1281,2003807.75,13.97,1.0,4,38038,84.0,17,Small- and Mid-Sized Office
1282,2524228.25,77.8,1.0,4,64596,92.0,9,Small- and Mid-Sized Office
1283,9190442.0,234.03,1.0,3,41466,1.0,88,Small- and Mid-Sized Office
1285,7429423.0,86.51,1.0,6,130710,92.0,3,Large Office
1286,1912760.75,13.33,1.0,4,35780,77.0,90,Small- and Mid-Sized Office
1288,564754.1875,3.94,1.0,4,25132,41.0,52,Mixed Use Property
1293,1257774.625,8.77,1.0,2,25920,75.0,100,Other
1294,2071670.25,77.48,1.0,4,47686,72.0,97,Small- and Mid-Sized Office
1295,44293.5,0.31,1.0,3,49760,96.0,116,Other
1297,5437110.5,98.28,1.0,2,49280,80.8,116,Mixed Use Property
1300,3778355.0,26.34,1.0,4,45500,59.2,74,Other
1301,6901554.0,218.79,1.0,2,25380,57.4,104,Other
1302,2827772.75,44.89,1.0,6,40715,79.0,101,Small- and Mid-Sized Office
1306,1717130.875,11.97,1.0,4,82065,91.0,26,Mixed Use Property
1308,1862176.875,12.98,1.0,4,36160,47.0,106,Small- and Mid-Sized Office
1309,5136604.5,143.34,1.0,1,34617,60.8,98,Mixed Use Property
1314,1634178.25,14.13,1.0,5,66900,100.0,107,Small- and Mid-Sized Office
1315,2160420.0,75.99,1.0,3,29340,64.4,106,Mixed Use Property
1317,287763.5,2.01,0.0,2,22710,79.8,86,Other
1320,3205182.5,22.46,1.0,3,50499,13.0,16,Small- and Mid-Sized Office
1321,3600571.25,41.22,1.0,5,54465,68.0,52,Small- and Mid-Sized Office
1322,4167253.75,182.81,1.0,2,45960,56.0,86,Other
1326,436604.0938,3.04,1.0,2,21128,97.0,57,Small- and Mid-Sized Office
1328,9155568.0,220.26,1.0,4,274442,29.8,8,Mixed Use Property
1329,1539066.375,10.73,1.0,3,51552,71.2,3,Small- and Mid-Sized Office
1330,2804534.0,75.25,1.0,4,38520,37.0,57,Hotel
1331,867184.375,30.22,1.0,3,29186,95.0,55,Hotel
1333,581289.0,4.05,1.0,1,27338,56.0,56,Worship Facility
1335,2045592.0,77.76,1.0,2,85750,69.0,17,Other
1337,12015936.0,422.45,1.0,2,34416,65.6,54,Other
1338,2590622.0,115.43,1.0,3,45864,94.0,86,Small- and Mid-Sized Office
1340,3485865.5,104.91,1.0,2,49252,23.0,17,Other
1351,1426279.5,35.96,1.0,3,33176,89.0,29,Small- and Mid-Sized Office
1352,1878742.875,55.95,1.0,3,25194,52.0,23,Retail Store
1359,326001.1875,2.27,1.0,99,21948,80.0,39,Worship Facility
1360,5876439.0,167.98,1.0,3,31191,77.2,89,Other
1362,3040978.0,111.73,1.0,1,37377,53.2,69,Other
1364,856088.625,5.97,1.0,1,29380,33.0,39,Warehouse
1373,331675.0,7.07,1.0,2,22688,87.0,94,Worship Facility
1391,1467029.75,54.44,1.0,2,22364,52.0,54,Other
1392,1903455.875,13.27,1.0,2,41262,84.0,34,Small- and Mid-Sized Office
1405,7408342.0,92.45,1.0,2,43183,59.8,63,Small- and Mid-Sized Office
1408,2077039.375,86.81,1.0,3,45680,79.0,108,Worship Facility
1418,37797084.0,913.07,1.0,14,724148,8.0,10,Other
1422,531737.1875,3.71,1.0,1,23562,96.0,59,Worship Facility
1425,910718.6875,6.35,1.0,4,28844,69.6,17,Small- and Mid-Sized Office
1429,675772.875,27.97,1.0,1,21101,67.8,27,Warehouse
1430,1351267.875,9.42,1.0,2,45594,75.0,102,Other
1431,2241280.5,15.62,1.0,1,26660,62.0,66,Other
1432,870625.8125,18.63,1.0,1,28126,44.0,41,Warehouse
1433,378714.4063,2.64,1.0,1,35000,53.0,52,Warehouse
1434,1208407.625,26.55,1.0,1,26150,6.0,54,Warehouse
1435,1088556.25,7.59,1.0,2,24000,73.0,49,Small- and Mid-Sized Office
1436,2478045.5,73.26,1.0,5,43594,38.0,48,Other
1442,794724.625,18.54,1.0,1,28080,72.6,104,Other
1456,5655578.0,203.73,1.0,2,51298,85.0,62,Other
1458,265774.9063,1.85,1.0,1,22047,100.0,54,Worship Facility
1462,3363535.5,103.28,1.0,1,31600,3.0,37,Warehouse
1463,876425.0,23.9,1.0,1,35289,63.0,9,Warehouse
1464,1750419.0,80.09,1.0,1,28920,50.0,35,Warehouse
1465,736428.625,32.77,1.0,1,22176,60.0,38,Warehouse
1466,362874.0,9.08,1.0,1,31300,89.0,38,Warehouse
1467,700627.625,4.88,1.0,1,22000,14.0,37,Warehouse
1468,3568419.5,24.88,1.0,3,39927,38.0,42,Small- and Mid-Sized Office
1469,4294550.0,135.81,1.0,1,30610,45.6,37,Other
1470,1002995.0,6.99,1.0,2,26930,64.0,36,Other
1471,2890379.0,49.62,1.0,2,38745,76.0,48,Other
1472,855665.125,5.97,1.0,2,20296,51.8,57,Other
1473,1261634.5,27.41,1.0,2,22135,75.4,71,Mixed Use Property
1474,1645605.125,53.73,1.0,3,38378,86.0,49,Other
1475,1275231.75,49.73,1.0,2,33576,64.0,36,Warehouse
1476,10642754.0,225.67,1.0,1,33005,21.0,41,Other
1481,729397.1875,5.08,1.0,1,20971,55.2,35,Other
1486,873577.3125,15.11,1.0,3,23910,69.0,89,Small- and Mid-Sized Office
1488,431390.4063,17.38,1.0,2,21765,80.0,106,Worship Facility
1494,114648520.0,3243.48,1.0,2,2200000,79.2,77,Other
1496,1751483.875,64.88,1.0,2,26560,1.0,115,Worship Facility
1497,116486.6016,0.81,1.0,2,20140,49.0,59,Warehouse
1508,6917280.0,215.56,1.0,2,38845,82.0,24,Retail Store
1509,7619445.0,173.75,1.0,1,26092,40.0,63,Other
1512,1213869.75,55.3,1.0,1,25500,98.0,49,Small- and Mid-Sized Office
1513,1242311.5,25.09,1.0,1,41895,81.8,55,Warehouse
1514,2497942.75,46.9,1.0,2,56193,84.2,58,Retail Store
1518,1379932.5,60.34,1.0,3,35448,97.0,94,Other
1519,9336239.0,208.53,1.0,1,29214,8.0,50,Other
1522,14029480.0,384.85,1.0,1,89103,34.0,16,Other
1523,1331122.125,45.38,1.0,1,32000,63.6,55,Other
1524,935580.3125,38.86,1.0,2,31140,67.8,106,Mixed Use Property
1525,3035962.25,78.22,1.0,3,41478,3.0,41,Warehouse
1526,752104.0,5.24,1.0,1,39840,2.0,36,Warehouse
1534,1533245.75,38.52,1.0,1,30576,65.2,12,Other
1537,306911.0938,6.61,1.0,2,21528,86.4,92,Other
1538,1094940.75,13.14,1.0,2,30000,76.4,88,Other
1557,5274642.0,36.77,1.0,2,30087,69.4,74,Other
1558,786253.6875,29.24,1.0,1,40445,92.0,41,Worship Facility
1559,1137967.5,13.29,1.0,1,23500,53.0,20,Retail Store
1560,1404253.75,31.79,1.0,1,22420,82.0,49,Retail Store
1563,8518313.0,237.54,1.0,1,25842,35.0,55,Other
1565,1208035.375,8.42,1.0,3,26389,79.6,24,Small- and Mid-Sized Office
1566,858780.625,14.9,1.0,3,25859,88.0,34,Small- and Mid-Sized Office
1567,1730600.625,34.26,1.0,1,25600,1.0,42,Warehouse
1568,222255.9063,1.55,1.0,1,23169,89.0,51,Other
1569,1294615.25,9.03,1.0,4,41784,89.0,8,Small- and Mid-Sized Office
1570,1388345.125,37.49,1.0,1,56884,71.0,56,Warehouse
1573,2017967.75,46.44,1.0,1,32810,66.0,27,Retail Store
1576,97690.39844,0.68,1.0,3,30989,96.0,36,Other
1577,57133.19922,0.4,1.0,3,39952,96.0,101,Other
1581,657385.8125,4.58,1.0,2,20022,80.0,55,Small- and Mid-Sized Office
1582,520011.8125,14.81,1.0,2,36498,89.0,56,Other
1583,469499.8125,11.08,1.0,1,35946,80.6,48,Other
1584,845044.125,5.94,1.0,4,30152,96.0,9,Small- and Mid-Sized Office
1585,727385.8125,5.07,1.0,4,22365,71.0,37,Small- and Mid-Sized Office
1586,904059.875,6.3,1.0,4,30172,82.0,22,Small- and Mid-Sized Office
1590,241478.5938,1.68,1.0,4,42500,100.0,89,Warehouse
1591,1121537.75,7.82,1.0,4,23032,80.0,115,Small- and Mid-Sized Office
1593,7240274.0,303.81,1.0,3,45750,58.0,116,Other
1595,1686405.0,34.52,1.0,2,23500,26.0,48,Small- and Mid-Sized Office
1596,579888.3125,16.67,1.0,1,22282,93.0,50,Small- and Mid-Sized Office
1597,502898.6875,17.39,1.0,2,24000,80.6,114,Other
1599,1995131.75,60.67,1.0,3,27085,50.2,107,Mixed Use Property
1606,8086943.5,309.14,0.0,2,29258,53.4,20,Other
1607,2235765.5,44.26,1.0,2,37500,58.0,85,Small- and Mid-Sized Office
1609,1164364.75,33.28,1.0,3,23983,61.0,86,Other
1610,809870.8125,30.49,1.0,1,24100,22.0,36,Other
1611,100841.7031,0.7,1.0,1,23772,100.0,45,Worship Facility
1613,3846501.25,128.66,3.0,2,31343,5.0,12,Other
1619,2450442.75,17.08,1.0,3,55912,53.8,20,Mixed Use Property
1620,1735995.75,67.45,1.0,2,20294,65.8,59,Other
1621,1286817.375,8.97,1.0,4,40571,64.0,33,Small- and Mid-Sized Office
1622,1755788.5,12.24,1.0,4,41707,78.0,33,Small- and Mid-Sized Office
1623,2189735.0,42.87,1.0,2,57644,72.6,56,Mixed Use Property
1624,1700057.375,28.28,1.0,2,39497,9.0,61,Warehouse
1634,3548858.25,121.9,1.0,1,33087,47.2,84,Other
1637,1211349.25,8.44,1.0,2,27574,73.0,34,Small- and Mid-Sized Office
1641,335245.0,2.34,1.0,1,24982,99.0,51,Retail Store
1643,3936421.5,82.57,1.0,5,43661,4.0,18,Other
1648,2472350.25,17.24,1.0,3,76105,91.0,29,Small- and Mid-Sized Office
1653,1998725.25,44.28,1.0,2,32009,60.6,64,Mixed Use Property
1656,1900006.25,13.25,1.0,1,41615,69.0,50,Retail Store
1657,1459199.75,33.42,1.0,3,28841,55.0,28,Other
1658,123767.2031,0.86,2.0,2,33344,96.0,39,Other
1659,2436063.0,80.19,2.0,1,30498,69.8,11,Other
1664,959352.0,42.96,1.0,2,42975,92.0,92,Other
1666,1612105.75,52.41,1.0,1,23260,52.0,53,Other
1668,2619088.5,55.85,1.0,2,30659,88.0,28,Small- and Mid-Sized Office
1669,1012024.313,32.58,1.0,2,27144,66.0,96,Other
1670,3475804.25,184.6,5.0,1,23166,66.2,46,Other
1671,1633105.375,11.39,1.0,2,34759,81.0,37,Other
1672,98960776.0,3278.11,8.0,1,415632,85.0,50,Other
1675,1614026.25,53.21,1.0,2,44719,52.0,51,Worship Facility
1678,5833800.0,129.89,1.0,1,21603,16.0,51,Other
1690,102673696.0,3238.24,1.0,3,591981,60.0,52,Other
1691,436252.5,3.04,1.0,1,42900,53.0,37,Other
1692,3091387.5,96.15,5.0,1,57952,39.4,11,Other
1693,3094090.0,122.71,1.0,1,26232,62.2,45,Other
1698,313528.0938,2.19,1.0,2,25840,92.0,60,Warehouse
1699,1268459.0,43.63,1.0,1,45145,57.6,28,Small- and Mid-Sized Office
1701,1981115.25,19.12,1.0,5,70332,89.0,15,Small- and Mid-Sized Office
1726,12250422.0,326.74,1.0,1,45522,22.0,22,Other
1727,326778.6875,2.28,1.0,2,20088,84.4,37,Retail Store
1732,7837692.5,179.55,5.0,2,138907,29.8,27,Other
1733,2826828.0,23.6,1.0,2,40657,57.0,19,Small- and Mid-Sized Office
1734,269016.6875,2.25,1.0,1,20200,79.8,116,Warehouse
1745,3652708.75,184.0,1.0,1,44086,29.0,112,Other
1746,1403820.0,9.79,1.0,7,54372,94.0,46,Small- and Mid-Sized Office
1753,14524386.0,712.39,1.0,1,47699,67.4,65,Other
1754,25311526.0,1110.07,1.0,0,274568,52.0,71,Other
1755,1245923.75,62.23,1.0,3,21282,69.0,60,Small- and Mid-Sized Office
1757,3787648.25,26.41,1.0,2,41022,59.2,95,Other
1760,3612526.75,38.39,1.0,2,28109,64.6,50,Other
1762,409578.4063,2.86,1.0,3,33580,100.0,31,Small- and Mid-Sized Office
1766,113130.0,2.69,1.0,1,21936,100.0,39,Warehouse
1767,1045838.5,44.26,1.0,1,30160,67.8,47,Other
1773,9546165.0,294.65,1.0,11,111137,29.8,107,Mixed Use Property
1777,1509292.0,37.65,1.0,1,40189,65.2,19,Other
1778,3046543.0,21.24,1.0,2,66484,69.0,28,Small- and Mid-Sized Office
1779,1356874.75,62.05,1.0,3,25151,85.0,57,Small- and Mid-Sized Office
1780,2640980.25,112.34,1.0,6,35770,56.0,88,Hotel
1782,3239754.0,101.31,1.0,9,48006,85.0,88,Hotel
1783,5144392.0,146.93,1.0,2,29631,60.8,56,Mixed Use Property
1784,1625308.625,46.45,1.0,2,23472,72.2,27,Small- and Mid-Sized Office
1785,2796425.0,110.66,1.0,2,21315,34.0,43,Small- and Mid-Sized Office
1806,2190460.0,24.31,1.0,4,57110,69.0,32,Small- and Mid-Sized Office
1811,1748629.875,22.26,1.0,3,34030,50.0,37,Small- and Mid-Sized Office
1817,9313513.0,334.15,1.0,2,20398,38.2,114,Other
1818,1642471.5,38.57,1.0,1,41308,7.0,64,Other
1839,769771.3125,5.37,1.0,3,43878,41.4,103,Mixed Use Property
1840,873711.125,15.7,1.0,3,34976,74.8,104,Other
1861,985401.8125,33.8,1.0,1,38255,12.0,59,Warehouse
1862,34012980.0,565.55,23.0,1,260241,48.8,61,Other
1870,2282551.25,59.24,1.0,3,48924,71.0,27,Small- and Mid-Sized Office
1875,1602084.375,11.17,1.0,4,50333,88.0,57,Small- and Mid-Sized Office
1876,2520483.25,17.57,1.0,4,57432,53.8,30,Small- and Mid-Sized Office
1877,666740.3125,4.65,1.0,3,25912,67.2,47,Small- and Mid-Sized Office
1878,1994967.75,13.91,1.0,3,57132,73.0,16,Small- and Mid-Sized Office
1884,968026.3125,26.73,1.0,2,24224,52.0,59,Worship Facility
1885,400770.9063,13.12,1.0,1,23706,78.0,53,Worship Facility
1887,1964681.25,13.7,1.0,1,31900,68.4,53,Warehouse
1889,3835202.0,178.86,1.0,1,49066,57.6,99,Other
1890,1686262.25,61.3,1.0,3,30740,55.8,64,Worship Facility
1893,2842819.5,55.86,1.0,1,67450,97.0,57,Other
1897,882896.5,6.16,1.0,1,46970,69.6,68,Warehouse
1898,1035554.688,16.04,1.0,1,47554,78.4,85,Warehouse
1899,1234095.5,60.57,1.0,2,43016,100.0,37,Small- and Mid-Sized Office
1900,1055033.0,22.29,1.0,1,24196,74.8,85,Mixed Use Property
1901,638507.125,24.76,1.0,2,20671,98.0,76,Small- and Mid-Sized Office
1903,499828.5938,14.36,1.0,1,21600,57.0,89,Warehouse
1907,866126.375,6.04,1.0,1,35844,14.0,39,Worship Facility
1908,1639136.25,18.87,1.0,3,31774,85.0,100,Small- and Mid-Sized Office
1922,709990.8125,4.95,1.0,1,26094,19.0,63,Warehouse
1923,1084553.75,7.56,1.0,2,23687,68.0,33,Small- and Mid-Sized Office
1924,1435562.75,10.01,1.0,2,24221,20.0,33,Small- and Mid-Sized Office
1925,5381105.0,37.51,1.0,2,71919,37.0,116,Mixed Use Property
1926,3999505.25,128.41,1.0,2,32027,54.0,116,Small- and Mid-Sized Office
1927,2805826.0,19.56,1.0,3,32160,61.4,110,Small- and Mid-Sized Office
1928,3540225.75,109.59,1.0,3,47836,71.8,24,Other
1929,2018385.75,50.07,1.0,3,34425,84.0,102,Small- and Mid-Sized Office
1934,1961581.5,13.67,1.0,3,40304,5.0,32,Other
1939,1280263.75,42.45,1.0,1,29619,50.0,26,Other
1941,1431784.0,54.24,1.0,2,21592,47.0,94,Other
1943,805643.5,19.51,1.0,2,23923,69.0,85,Other
1944,1748444.25,37.08,1.0,3,25200,47.0,109,Small- and Mid-Sized Office
1945,284857.3125,8.59,1.0,1,45068,100.0,69,Small- and Mid-Sized Office
1946,1328461.25,9.26,1.0,2,28296,80.0,53,Small- and Mid-Sized Office
1949,1965075.625,22.48,1.0,3,31357,55.0,17,Small- and Mid-Sized Office
1950,1157976.5,8.07,1.0,1,160000,94.0,48,Other
1951,4590246.5,174.62,1.0,1,53550,11.0,56,Warehouse
1952,1628540.0,67.05,1.0,1,38412,62.0,92,Warehouse
1953,545426.375,3.8,1.0,1,25881,69.4,86,Other
1960,655422.375,19.61,1.0,1,24291,98.0,63,Small- and Mid-Sized Office
1961,1269847.75,8.85,1.0,1,36544,5.0,50,Warehouse
1963,1324092.125,51.1,1.0,1,20796,59.0,67,Warehouse
1964,659761.875,17.04,1.0,1,21349,70.0,69,Other
1965,416885.5938,2.91,1.0,1,38630,33.0,80,Warehouse
1966,1832031.5,83.3,1.0,1,20724,71.0,66,Warehouse
1967,4747403.5,33.1,1.0,1,24109,68.8,56,Other
1968,4069301.5,28.37,1.0,1,25375,59.8,61,Other
1969,764094.5,21.5,1.0,1,22803,78.0,31,Warehouse
1970,4323672.0,157.07,1.0,1,23100,45.6,31,Mixed Use Property
1971,642645.1875,4.48,1.0,1,41550,94.0,65,Other
1972,5804784.5,178.35,1.0,2,54170,77.2,22,Other
1974,2203758.5,102.35,1.0,2,42252,49.0,104,Other
1975,863703.0,13.87,1.0,1,23100,69.0,61,Other
1976,440419.1875,12.92,1.0,3,22895,96.0,35,Worship Facility
1977,1267463.125,8.84,1.0,2,54211,100.0,14,Retail Store
1988,797170.3125,12.22,1.0,6,48179,74.4,10,Other
1991,808968.1875,18.03,1.0,1,52325,67.0,79,Warehouse
1992,270838.5,9.71,1.0,4,20600,91.2,96,Other
1993,21022288.0,405.05,10.0,0,230971,40.2,25,Other
1994,162960.0,1.14,1.0,1,25880,100.0,72,Retail Store
1995,819354.625,12.55,1.0,1,45842,99.0,56,Warehouse
1996,652991.6875,5.09,1.0,1,31365,67.2,44,Other
1997,758008.875,25.77,1.0,1,32100,70.4,106,Other
1998,1167887.75,40.85,1.0,1,20520,20.0,50,Warehouse
1999,495481.0,3.45,1.0,1,22972,12.0,71,Warehouse
2000,523614.0938,8.7,1.0,1,24990,80.0,63,Warehouse
2001,1318947.25,40.94,1.0,2,24000,66.6,65,Retail Store
2002,3626431.5,95.93,1.0,1,100386,52.8,53,Warehouse
2003,735907.8125,17.29,1.0,1,24354,10.0,50,Other
2004,847419.375,15.35,1.0,1,33600,58.0,57,Other
2005,1694930.375,51.27,1.0,1,20819,56.0,42,Other
2006,1429855.75,40.01,1.0,1,23296,75.0,49,Warehouse
2007,1758134.625,40.42,1.0,1,35222,50.8,62,Mixed Use Property
2008,1610794.75,59.0,1.0,1,25520,100.0,59,Other
2019,834711.875,5.82,1.0,1,25460,51.8,64,Other
2024,920430.625,6.42,1.0,2,24291,87.0,42,Small- and Mid-Sized Office
2025,526752.8125,3.67,1.0,2,20738,44.0,58,Retail Store
2027,919746.3125,6.41,1.0,4,30948,69.6,16,Mixed Use Property
2029,2654316.0,18.5,1.0,2,28385,1.0,30,Other
2034,844076.8125,17.51,1.0,1,21755,75.6,38,Warehouse
2035,6129780.0,42.73,1.0,1,27933,54.2,56,Other
2036,1139980.625,38.87,1.0,1,23143,75.0,33,Small- and Mid-Sized Office
2038,405050.4063,2.82,1.0,1,39600,85.0,64,Warehouse
2039,468396.9063,9.25,1.0,1,39600,91.0,64,Warehouse
2040,1108310.875,16.5,1.0,1,41248,37.0,79,Other
2041,1567746.75,46.16,1.0,1,36400,69.6,7,Other
2043,3573328.25,24.91,1.0,1,31332,64.6,96,Other
2045,1228113.5,43.64,1.0,2,35864,75.0,68,Worship Facility
2049,822636.625,38.38,1.0,1,20484,69.0,62,Worship Facility
2050,1849331.25,12.89,1.0,4,45264,4.0,32,Other
2051,2824096.75,19.69,2.0,4,36932,61.4,29,Other
2053,4262316.5,93.5,1.0,4,45082,39.6,43,Other
2054,1195165.25,30.99,0.0,2,41600,58.0,65,Worship Facility
2056,2563985.5,17.87,1.0,2,34110,31.0,56,Small- and Mid-Sized Office
2066,522972.1875,3.65,1.0,1,23750,69.4,46,Warehouse
2067,533742.8125,3.72,1.0,1,43390,87.0,46,Warehouse
2068,419978.6875,9.29,1.0,1,35400,84.0,57,Warehouse
2069,858701.0,8.22,1.0,1,28144,19.0,50,Other
2070,2491238.25,43.17,1.0,3,71283,41.0,100,Warehouse
2071,2852102.75,19.88,1.0,1,23792,66.0,27,Warehouse
2072,1042652.625,7.27,1.0,2,47368,99.0,37,Small- and Mid-Sized Office
2073,1890502.5,27.92,1.0,1,46183,60.6,85,Mixed Use Property
2074,2602213.75,41.96,1.0,5,72613,84.0,32,Small- and Mid-Sized Office
2076,1519952.125,50.76,1.0,1,36071,97.0,48,Retail Store
2078,2108861.75,14.7,1.0,2,38352,36.0,26,Other
2080,2133797.75,57.25,1.0,1,28425,63.4,21,Mixed Use Property
2084,1922953.25,31.94,1.0,3,35115,64.0,7,Other
2086,600516.875,19.77,1.0,1,66704,82.0,44,Mixed Use Property
2087,1063960.125,18.87,1.0,1,25658,78.4,47,Warehouse
2092,1046187.625,18.04,1.0,2,36000,95.0,109,Small- and Mid-Sized Office
2095,1162163.125,26.52,1.0,1,36000,59.0,103,Mixed Use Property
2096,1929851.5,49.18,1.0,2,43200,38.0,101,Warehouse
2097,2912454.75,46.85,1.0,4,53840,71.0,103,Small- and Mid-Sized Office
2098,1164537.75,23.5,1.0,1,43794,88.0,41,Retail Store
2099,2701833.75,78.57,1.0,1,48280,18.0,48,Warehouse
2100,363808.1875,7.74,1.0,1,36040,76.4,62,Other
2101,8839812.0,219.93,1.0,1,32822,42.0,51,Other
2104,809291.8125,34.04,1.0,2,20385,65.0,66,Worship Facility
2105,216115.0,1.51,1.0,1,24295,53.0,70,Worship Facility
2106,620994.3125,4.33,1.0,2,20317,83.0,49,Small- and Mid-Sized Office
2109,9851260.0,260.32,1.0,1,24377,6.0,43,Other
2114,2786648.75,19.43,1.0,1,33392,61.0,30,Other
2115,6674179.5,158.63,0.0,1,45155,6.0,30,Other
2119,2186148.5,41.77,1.0,1,32000,3.0,50,Warehouse
2120,4302455.5,175.53,1.0,1,44000,15.0,46,Warehouse
2121,2771820.5,124.4,1.0,1,36000,44.0,43,Warehouse
2122,1356972.25,43.18,1.0,1,31360,66.6,37,Warehouse
2123,2339234.0,64.75,1.0,1,33320,69.0,37,Warehouse
2124,2373568.25,59.14,1.0,1,48020,71.0,37,Warehouse
2125,1176342.25,39.05,1.0,1,27420,55.0,37,Warehouse
2129,161363.4063,1.12,1.0,2,24152,100.0,87,Other
2131,2053956.375,85.15,1.0,2,43645,71.0,67,Other
2133,1399062.75,21.46,1.0,1,26853,68.0,64,Retail Store
2134,950695.625,29.88,1.0,4,44775,75.8,107,Other
2138,2833624.5,112.82,2.0,1,27760,62.2,100,Other
2139,347437.6875,6.46,1.0,1,20975,81.0,79,Other
2140,1608508.75,17.6,1.0,1,26075,74.8,98,Other
2141,1486681.75,26.27,1.0,1,29394,60.0,24,Warehouse
2143,438557.0,12.17,1.0,2,20400,69.0,90,Warehouse
2144,903541.875,6.3,1.0,1,20460,16.0,90,Small- and Mid-Sized Office
2145,209698.7031,1.46,1.0,2,25821,89.0,91,Other
2146,1074350.375,7.49,1.0,2,21870,45.0,61,Other
2147,3528086.75,66.77,3.0,1,51664,62.4,28,Warehouse
2148,3133849.5,106.35,1.0,1,43615,89.0,46,Other
2149,1144267.5,7.98,1.0,3,36879,26.0,46,Small- and Mid-Sized Office
2150,3494929.5,92.7,1.0,2,28531,67.2,14,Other
2151,308400.4063,2.15,1.0,2,36600,80.0,34,Warehouse
2152,1011965.375,7.05,1.0,5,35176,72.0,12,Mixed Use Property
2157,2839882.25,61.68,1.0,2,41293,66.6,76,Other
2159,2100216.5,61.6,1.0,1,48890,49.0,75,Warehouse
2160,4416909.5,30.79,1.0,3,43473,3.0,16,Small- and Mid-Sized Office
2162,3740373.75,35.48,1.0,1,40265,19.0,26,Retail Store
2163,1608884.25,37.61,1.0,1,26208,79.0,11,Retail Store
2166,8054334.0,286.89,0.0,2,27227,53.4,41,Other
2167,3275779.25,152.14,1.0,1,42172,66.2,90,Mixed Use Property
2168,796042.375,11.44,1.0,5,32250,92.0,106,Small- and Mid-Sized Office
2170,1298039.875,14.17,1.0,1,51000,95.0,63,Retail Store
2182,229856.4063,1.6,1.0,1,27000,87.4,100,Mixed Use Property
2183,1001964.0,17.45,1.0,2,20747,79.6,81,Other
2184,817255.875,27.83,1.0,2,40800,70.4,88,Warehouse
2185,576174.125,4.02,1.0,2,20150,80.0,96,Small- and Mid-Sized Office
2186,1682454.875,11.73,1.0,7,36000,40.0,107,Small- and Mid-Sized Office
2187,2502081.0,96.62,1.0,2,41276,59.0,78,Warehouse
2188,1232822.875,23.62,0.0,2,24430,81.8,79,Other
2189,16808.90039,0.12,1.0,3,27690,96.0,106,Other
2190,928584.875,9.65,1.0,1,22580,90.0,89,Small- and Mid-Sized Office
2192,743528.125,33.52,1.0,1,20000,18.0,90,Warehouse
2193,2070005.625,82.07,1.0,1,42000,69.0,62,Warehouse
2199,111969.7031,0.79,1.0,1,24248,96.0,54,Other
2202,11019641.0,292.8,1.0,6,244500,100.0,7,Other
2205,106918.0,0.75,1.0,1,24617,96.0,84,Warehouse
2206,3245111.5,22.62,1.0,3,127065,79.8,7,Other
2207,1748644.5,58.36,1.0,1,37247,69.0,52,Retail Store
2212,3027867.5,77.23,1.0,1,25384,11.0,23,Retail Store
2214,1441445.625,10.05,0.0,3,49052,96.0,106,Small- and Mid-Sized Office
2215,586589.1875,25.15,1.0,2,52110,34.0,116,Warehouse
2216,204499.0938,5.43,1.0,2,20970,100.0,106,Small- and Mid-Sized Office
2217,1528295.75,39.25,1.0,2,39036,65.2,79,Small- and Mid-Sized Office
2218,771512.6875,14.99,1.0,1,26310,96.0,93,Small- and Mid-Sized Office
2222,12434593.0,413.1,1.0,1,37883,88.0,50,Retail Store
2225,1274049.75,54.27,1.0,3,29874,95.0,54,Other
2227,992794.6875,47.08,1.0,1,20140,35.0,51,Worship Facility
2228,1242811.75,44.97,1.0,2,71874,44.6,26,Other
2231,1508561.875,28.05,1.0,2,39953,93.0,45,Small- and Mid-Sized Office
2234,1676426.5,11.69,1.0,2,21200,15.0,18,Retail Store
2235,6058494.0,42.24,1.0,1,30630,27.0,36,Other
2236,1896626.375,13.22,1.0,2,23421,25.0,36,Retail Store
2240,893053.1875,31.54,1.0,2,24120,66.0,88,Worship Facility
2241,1148202.25,51.15,1.0,3,35736,88.0,87,Worship Facility
2244,1206165.75,27.75,1.0,1,51050,10.0,75,Warehouse
2245,1302192.875,42.66,1.0,2,21900,40.0,62,Retail Store
2246,150167.7969,1.6,1.0,1,16300,100.0,64,Other
2247,1386445.375,9.67,1.0,1,33462,1.0,52,Warehouse
2248,1331469.75,44.68,1.0,1,35310,63.6,64,Mixed Use Property
2252,4653535.0,32.44,1.0,3,36140,68.8,54,Other
2253,8163413.0,298.91,1.0,2,47963,53.4,25,Other
2254,415364.5938,14.37,1.0,1,23903,65.0,86,Warehouse
2255,561473.875,23.52,1.0,3,22522,80.2,69,Other
2256,905750.375,23.84,1.0,4,38959,77.0,20,Other
2259,1218112.0,8.49,1.0,2,25955,75.0,88,Warehouse
2270,2177064.75,78.19,1.0,4,46100,75.0,93,Other
2278,608755.375,28.78,1.0,2,21936,96.0,65,Worship Facility
2280,2442220.0,41.96,1.0,1,25406,81.8,56,Other
2289,904236.0,6.3,1.0,2,23250,55.0,49,Small- and Mid-Sized Office
2292,2794837.0,120.72,1.0,1,30000,32.0,56,Warehouse
2293,1791697.75,49.53,1.0,1,45036,66.8,54,Warehouse
2314,26416770.0,449.59,1.0,39,1074552,65.0,7,Mixed Use Property
2324,16378152.0,588.25,1.0,2,122679,44.0,57,Other
2325,90609640.0,3768.66,14.0,2,537000,64.6,71,Other
2328,1027230.875,14.64,1.0,4,23022,78.0,36,Small- and Mid-Sized Office
2330,2470642.0,17.22,1.0,1,27263,53.8,49,Other
2331,3064039.5,125.59,1.0,1,31569,12.0,54,Warehouse
2332,177812.7969,1.24,1.0,1,22509,57.0,60,Warehouse
2333,1073156.375,36.82,1.0,1,39984,75.0,60,Warehouse
2342,719905.1875,27.93,1.0,1,26440,91.0,110,Worship Facility
2357,1143826.625,29.44,1.0,2,28800,83.6,60,Other
2359,1162561.125,28.64,4.0,2,28500,92.0,7,Other
2379,3717064.0,97.27,1.0,2,26519,69.8,38,Other
2380,15480681.0,515.71,1.0,2,34639,44.0,28,Mixed Use Property
2381,3537841.5,116.94,1.0,2,26300,58.0,95,Other
2382,6584966.5,226.81,0.0,2,34072,71.8,54,Other
2383,840549.375,5.86,1.0,3,23355,77.0,67,Small- and Mid-Sized Office
2384,3542708.5,101.21,1.0,4,30840,30.0,51,Small- and Mid-Sized Office
2385,392683.6875,10.99,1.0,1,20332,80.2,70,Other
2392,317794.4063,13.09,1.0,1,21850,100.0,116,Worship Facility
2394,1391714.25,34.62,1.0,4,32282,75.0,19,Mixed Use Property
2398,9512829.0,66.32,1.0,13,307557,64.6,33,Large Office
2402,430308.9063,11.85,1.0,2,28309,80.6,98,Other
2403,2799595.0,122.0,1.0,4,45500,77.0,102,Hotel
2404,2058532.875,14.35,1.0,5,38376,73.0,116,Small- and Mid-Sized Office
2406,1544501.75,46.53,1.0,4,42804,69.6,116,Small- and Mid-Sized Office
2407,6983736.0,223.36,0.0,5,57600,56.6,11,Mixed Use Property
2409,1287497.375,18.76,1.0,4,33300,75.4,116,Small- and Mid-Sized Office
2410,503744.6875,3.51,1.0,3,25450,99.0,116,Hotel
2411,188745.7031,7.05,1.0,3,22200,96.0,116,Other
2412,3768900.5,50.05,1.0,2,29498,61.4,48,Warehouse
2413,466672.6875,3.25,1.0,1,23050,27.0,78,Warehouse
2414,3168131.0,22.09,1.0,4,48350,45.0,8,Small- and Mid-Sized Office
2415,1582655.875,20.66,1.0,1,46059,82.0,86,Retail Store
2432,817409.625,6.53,1.0,2,23595,72.0,46,Other
2438,847097.8125,34.08,1.0,3,28142,96.0,116,Small- and Mid-Sized Office
2439,2615973.5,124.59,1.0,3,28760,56.6,116,Small- and Mid-Sized Office
2440,713326.875,13.69,1.0,4,39030,99.0,114,Small- and Mid-Sized Office
2442,4199443.0,69.53,1.0,2,61580,57.8,90,Other
2443,1288669.5,25.53,1.0,3,30720,75.4,99,Small- and Mid-Sized Office
2444,412562.4063,2.88,1.0,2,20640,63.4,100,Mixed Use Property
2445,1333289.625,9.29,1.0,2,34914,75.0,104,Mixed Use Property
2446,964923.8125,17.79,1.0,3,20897,68.8,110,Small- and Mid-Sized Office
2447,336745.4063,2.35,1.0,2,36940,100.0,100,Retail Store
2448,1153690.125,20.76,1.0,3,22866,84.0,103,Small- and Mid-Sized Office
2449,1264626.875,18.19,1.0,1,30240,78.0,96,Retail Store
2450,108200.3984,5.22,1.0,3,32100,96.0,106,Other
2454,5078204.0,35.4,1.0,2,28586,65.2,54,Other
2457,4644346.0,190.45,1.0,3,28800,49.8,108,Hotel
2459,899924.1875,29.21,1.0,3,28800,74.4,103,Other
2460,3605755.5,25.14,1.0,3,35202,2.0,37,Small- and Mid-Sized Office
2467,7202141.5,183.79,1.0,6,95117,1.0,47,Other
2469,331059.5,5.66,1.0,2,24600,69.0,106,Worship Facility
2471,1063480.5,65.05,1.0,1,48850,81.0,116,Worship Facility
2482,2037720.625,14.21,0.0,3,54863,100.0,55,Other
2489,1989103.875,65.89,1.0,1,25000,52.0,52,Warehouse
2490,287132.5,8.61,1.0,1,25000,88.0,56,Warehouse
2491,774075.6875,26.56,1.0,1,22622,70.4,89,Other
2492,1031667.5,17.41,1.0,3,27544,94.0,99,Small- and Mid-Sized Office
2506,1478979.25,10.31,1.0,7,47415,71.2,27,Small- and Mid-Sized Office
2512,2266983.0,95.38,1.0,3,22960,72.6,55,Other
2514,14585813.0,393.07,1.0,1,44739,17.0,18,Other
2518,2470566.0,120.86,1.0,1,22778,64.8,68,Mixed Use Property
2519,866806.0,37.28,1.0,2,21562,20.0,60,Worship Facility
2521,1378130.25,62.51,1.0,1,25753,57.2,57,Other
2522,22767828.0,861.85,1.0,3,71280,40.0,88,Other
2524,20628680.0,792.6,1.0,16,153312,51.0,53,Other
2530,27684480.0,393.29,1.0,19,1206670,87.0,7,Mixed Use Property
2535,826488.6875,22.38,1.0,1,24200,73.0,48,Worship Facility
2540,1740568.25,49.79,1.0,4,23513,60.0,35,Other
2547,640377.0,18.81,1.0,3,66610,83.2,22,Other
2548,3646053.75,58.79,1.0,1,36000,45.4,66,Other
2559,1219863.125,55.06,1.0,2,23222,62.0,78,Other
2562,2662054.25,91.69,1.0,2,24476,68.8,92,Mixed Use Property
2564,782343.8125,28.07,0.0,2,24750,70.4,106,Retail Store
2567,3625407.5,121.63,1.0,3,60000,52.0,112,Other
2568,690557.6875,17.31,1.0,2,46560,83.2,62,Other
2575,1440554.25,10.04,1.0,3,30408,61.0,36,Other
2579,1465795.75,34.03,1.0,3,30109,89.0,96,Small- and Mid-Sized Office
2583,917100.3125,38.59,1.0,2,25481,92.0,56,Small- and Mid-Sized Office
2584,19423344.0,717.93,1.0,1,141297,76.0,49,Other
2593,2119806.25,35.99,1.0,2,27788,73.0,104,Small- and Mid-Sized Office
2603,1943899.25,58.52,1.0,4,41704,73.0,26,Hotel
2606,588856.125,22.33,1.0,2,22324,53.0,75,Warehouse
2607,1725108.25,39.65,1.0,2,31360,50.8,70,Other
2608,1992158.25,46.01,1.0,1,30496,60.6,69,Mixed Use Property
2614,1072151.375,12.57,1.0,3,27600,84.0,94,Small- and Mid-Sized Office
2623,6135173.0,203.21,1.0,2,55974,98.0,55,Other
2628,1981360.0,70.92,1.0,1,22583,95.0,62,Other
2631,2305643.5,16.07,0.0,3,31686,35.0,19,Small- and Mid-Sized Office
2632,720170.6875,5.02,1.0,3,26694,92.0,35,Small- and Mid-Sized Office
2636,227509.5,1.59,1.0,1,29400,69.0,44,Warehouse
2637,1244150.0,41.88,1.0,3,22452,85.0,24,Hotel
2642,1581352.75,11.02,1.0,2,25767,22.0,104,Other
2643,1822834.25,38.21,1.0,4,33910,75.0,63,Retail Store
2644,2462408.25,87.41,1.0,2,78401,68.8,89,Worship Facility
2654,4103800.75,48.13,1.0,2,78716,38.0,37,Warehouse
2655,1594733.625,69.2,1.0,2,33300,92.0,106,Other
2656,9232576.0,226.73,1.0,1,28808,29.0,59,Other
2667,1100499.75,7.67,1.0,1,27966,58.0,59,Small- and Mid-Sized Office
2668,7588060.5,156.18,1.0,1,26226,37.0,66,Other
2671,1159807.125,8.09,1.0,2,34948,17.0,40,Mixed Use Property
2680,6197824.5,43.21,1.0,3,37639,54.2,18,Small- and Mid-Sized Office
2682,881386.1875,6.14,1.0,4,22840,64.0,116,Small- and Mid-Sized Office
2683,810636.875,9.72,1.0,1,21420,57.0,116,Other
2684,683274.0,4.76,1.0,1,20880,94.0,116,Small- and Mid-Sized Office
2686,1063035.875,18.62,1.0,3,26000,78.4,50,Mixed Use Property
2687,1938776.75,43.91,1.0,3,38675,55.6,116,Small- and Mid-Sized Office
2688,5134446.0,185.33,1.0,4,49951,60.8,87,Small- and Mid-Sized Office
2691,1941728.75,19.81,1.0,2,25880,8.0,6,Other
2695,1080821.0,37.43,1.0,3,41013,53.6,89,Worship Facility
2697,1581036.75,53.88,1.0,2,21075,52.0,12,Other
2699,1544995.75,47.03,1.0,3,46485,83.0,66,Worship Facility
2704,1402048.5,28.46,1.0,4,56896,96.0,51,Small- and Mid-Sized Office
2706,577123.125,14.79,1.0,2,27500,60.0,38,Worship Facility
2707,541943.3125,3.78,1.0,2,36630,90.0,86,Small- and Mid-Sized Office
2708,2099386.75,60.93,0.0,3,26830,50.2,116,Small- and Mid-Sized Office
2709,1103594.75,7.69,1.0,5,41920,95.0,110,Small- and Mid-Sized Office
2710,1537570.25,26.94,1.0,5,36879,92.0,111,Small- and Mid-Sized Office
2711,1601955.625,35.72,1.0,6,29820,73.4,112,Other
2715,1078535.75,7.52,0.0,2,33640,70.0,111,Small- and Mid-Sized Office
2716,1567040.75,10.92,1.0,4,43484,18.0,110,Warehouse
2720,981009.125,6.84,1.0,3,22480,69.8,116,Mixed Use Property
2721,4857581.5,173.67,1.0,4,33018,49.0,91,Hotel
2723,987063.6875,11.18,1.0,2,26510,91.0,46,Small- and Mid-Sized Office
2737,942415.1875,6.76,1.0,1,40028,80.0,78,Warehouse
2738,2188051.25,15.25,1.0,3,44510,23.0,9,Small- and Mid-Sized Office
2739,666687.5,20.96,1.0,1,21624,90.0,62,Worship Facility
2747,1539176.625,32.42,0.0,3,21600,65.2,23,Small- and Mid-Sized Office
2748,747456.875,20.78,1.0,3,20620,79.2,107,Mixed Use Property
2751,1200180.875,53.25,1.0,5,40552,99.0,106,Hotel
2759,1439572.375,10.04,1.0,3,31432,68.6,107,Small- and Mid-Sized Office
2770,1028277.313,34.61,1.0,3,25864,78.2,108,Other
2774,1207504.0,42.71,1.0,3,20686,48.6,92,Other
2775,637685.0,4.45,1.0,3,22124,82.0,87,Other
2778,1594504.875,65.95,1.0,3,27487,82.0,90,Other
2779,1656420.25,53.65,1.0,4,23616,55.0,90,Other
2781,998633.5,6.96,1.0,3,33448,78.0,40,Other
2782,2217620.0,81.24,0.0,2,29508,69.6,11,Mixed Use Property
2783,8268496.5,249.46,1.0,2,74840,48.0,29,Other
2784,2473302.0,104.74,1.0,3,20992,62.0,103,Other
2785,1522596.75,55.23,1.0,2,22344,40.0,91,Other
2789,2466100.0,96.2,1.0,3,31900,56.6,95,Other
2790,1631479.125,56.25,1.0,2,29417,55.8,66,Other
2795,13140574.0,404.21,1.0,1,31841,58.2,19,Other
2798,2735811.5,78.36,1.0,2,21036,52.6,28,Mixed Use Property
2800,5652231.0,39.4,1.0,2,32928,9.0,17,Mixed Use Property
2801,104722.2969,0.73,1.0,2,20039,100.0,62,Worship Facility
2803,1368120.5,29.7,1.0,1,44476,33.0,56,Warehouse
2804,1295485.25,27.06,1.0,1,35017,66.0,47,Small- and Mid-Sized Office
2805,1632498.625,60.83,1.0,3,29084,66.0,66,Other
2815,470666.6875,19.28,1.0,2,22952,98.0,53,Worship Facility
2829,592088.125,19.14,1.0,1,21040,43.0,40,Warehouse
2830,1321065.0,46.61,1.0,2,28032,52.0,65,Warehouse
2831,550324.1875,20.46,1.0,1,25620,82.0,42,Other
2832,1632472.0,11.38,1.0,3,33238,14.0,24,Warehouse
2833,1181428.75,38.36,1.0,4,27800,8.0,104,Other
2835,13270687.0,92.52,1.0,6,706176,82.0,16,Large Office
2839,8687690.0,206.33,1.0,1,33706,22.0,18,Other
2841,2171751.5,93.55,1.0,2,37600,72.6,55,Mixed Use Property
2862,786324.0,19.61,1.0,3,33708,74.4,104,Other
2881,5981430.0,41.7,1.0,2,47237,54.2,68,Other
2896,13906080.0,364.27,1.0,1,76585,18.0,19,Other
2897,964236.0,38.18,1.0,3,26373,75.0,78,Worship Facility
2901,3605749.75,25.14,6.0,2,75868,59.4,60,Small- and Mid-Sized Office
2904,1607972.25,51.89,1.0,2,21656,66.6,69,Mixed Use Property
2912,421430.0,2.94,1.0,3,23040,56.6,95,Other
2913,5447076.5,37.97,1.0,2,36771,67.4,60,Other
2916,375773.5938,2.62,1.0,1,24024,90.0,39,Warehouse
2917,965425.1875,29.39,1.0,1,42420,34.0,63,Warehouse
2918,374753.8125,6.88,1.0,1,36982,82.4,37,Other
2919,439266.9063,3.06,1.0,2,23400,56.6,52,Warehouse
2924,1683064.25,67.15,1.0,2,30720,65.8,68,Other
2926,127374.0,0.89,1.0,1,23232,96.0,44,Warehouse
2927,1063269.125,17.65,1.0,1,35046,100.0,42,Warehouse
2928,895784.6875,14.19,1.0,1,25577,69.0,55,Other
2929,405062.0,2.82,1.0,1,43380,89.0,42,Warehouse
2930,2720238.25,77.84,1.0,3,20410,8.0,21,Small- and Mid-Sized Office
2938,624125.625,4.35,1.0,3,24696,87.0,33,Small- and Mid-Sized Office
2945,689803.0,21.87,1.0,1,24955,47.0,14,Worship Facility
2962,8521989.0,286.33,1.0,3,34074,45.4,25,Other
2963,17457560.0,423.57,0.0,10,392552,23.0,10,Hotel
2981,1765813.625,67.33,1.0,2,76475,65.8,55,Worship Facility
2982,1573155.0,62.94,1.0,2,32961,86.0,28,Other
2985,1082920.125,26.67,1.0,1,27376,83.6,12,Other
2993,3296526.25,115.34,1.0,1,109794,87.0,66,Other
2995,1242666.25,53.02,1.0,3,25200,34.4,105,Other
2996,11521140.0,338.58,1.0,1,44755,56.0,20,Other
2997,209644.9063,4.8,1.0,2,22320,89.0,109,Other
2998,932083.5,9.09,1.0,3,24000,60.4,104,Mixed Use Property
2999,2701872.0,128.07,1.0,3,23422,65.0,96,Small- and Mid-Sized Office
3000,3371659.75,28.79,5.0,2,38879,64.6,41,Other
3003,3392129.0,83.65,1.0,5,53034,93.0,18,Mixed Use Property
3009,79711.79688,0.87,1.0,2,23040,99.0,96,Warehouse
3012,595936.5,4.15,1.0,2,61880,66.0,58,Warehouse
3014,1027394.313,7.31,1.0,2,27938,97.0,91,Small- and Mid-Sized Office
3019,1623657.0,11.32,1.0,2,21600,68.6,92,Other
3020,2028125.625,63.22,1.0,3,27908,50.2,87,Other
3022,1622231.375,55.73,1.0,2,30562,69.0,16,Other
3024,3724098.25,39.31,1.0,3,54969,67.0,16,Retail Store
3025,1755072.75,51.14,1.0,2,36825,60.0,65,Other
3028,2076289.625,54.02,1.0,3,25834,73.0,58,Small- and Mid-Sized Office
3032,3481727.5,150.23,1.0,1,37700,38.0,87,Worship Facility
3041,1021754.688,7.12,1.0,6,97229,100.0,12,Mixed Use Property
3045,954352.6875,24.97,1.0,3,25111,77.0,34,Small- and Mid-Sized Office
3057,1641667.0,68.39,1.0,2,31805,10.0,63,Worship Facility
3058,1267348.5,43.97,1.0,1,20811,95.0,63,Other
3060,1987334.75,66.43,1.0,2,22058,1.0,49,Warehouse
3063,10005787.0,119.76,1.0,1,22890,77.4,46,Other
3064,1111293.75,43.04,1.0,5,36000,52.6,109,Other
3065,4236396.5,67.96,1.0,1,28320,1.0,45,Other
3072,861643.6875,22.18,1.0,1,29079,78.0,61,Worship Facility
3073,726917.5,5.07,1.0,3,28848,82.0,34,Small- and Mid-Sized Office
3076,1835804.0,38.71,1.0,2,20535,7.0,28,Small- and Mid-Sized Office
3077,9393108.0,255.97,1.0,2,43025,29.8,31,Other
3079,485971.0,3.39,1.0,1,30800,65.0,51,Warehouse
3087,1784385.25,49.44,1.0,3,22168,60.0,116,Mixed Use Property
3088,924192.6875,7.8,1.0,1,37400,73.0,94,Warehouse
3094,15026352.0,106.86,1.0,11,268130,88.0,16,Large Office
3095,3782378.25,26.37,1.0,11,68452,79.0,16,Small- and Mid-Sized Office
3096,14709151.0,102.54,1.0,11,273185,88.0,16,Large Office
3097,3736960.0,156.45,1.0,3,97500,97.0,92,Other
3098,3020001.5,21.05,1.0,5,54015,75.0,34,Small- and Mid-Sized Office
3105,7798464.0,273.91,1.0,13,42000,61.2,31,Other
3108,8382140.5,58.44,0.0,24,119701,67.0,34,Large Office
3109,1295685.75,29.18,1.0,1,24697,73.2,51,Other
3110,3543985.5,89.8,2.0,1,57468,77.4,3,Other
3111,12184124.0,441.94,1.0,5,84000,65.6,10,Other
3114,5214621.5,81.18,1.0,3,103000,89.0,25,Retail Store
3115,8025696.0,176.75,1.0,1,37864,61.0,8,Other
3116,9290214.0,72.02,1.0,2,66497,84.0,66,Other
3117,3560614.25,24.82,1.0,4,34010,64.6,10,Retail Store
3118,8305255.0,193.36,1.0,4,45980,79.0,10,Other
3121,5313217.0,83.45,0.0,3,45743,88.0,20,Retail Store
3123,3505497.0,137.66,1.0,1,45000,57.6,25,Other
3124,13730204.0,295.42,1.0,6,333698,60.6,17,Other
3125,1498457.875,12.43,1.0,4,72859,55.0,112,Warehouse
3129,1554599.25,37.83,1.0,3,21947,65.2,12,Mixed Use Property
3130,15206762.0,391.7,1.0,0,384772,69.0,76,Warehouse
3131,2193115.0,32.72,1.0,0,30287,32.0,56,Other
3132,3947209.25,145.11,1.0,0,21931,32.0,56,Small- and Mid-Sized Office
3133,4307238.5,30.03,1.0,6,73102,84.0,31,Small- and Mid-Sized Office
3134,2762846.0,28.85,1.0,2,140823,58.2,100,Mixed Use Property
3136,8475238.0,270.63,5.0,1,87458,30.8,50,Mixed Use Property
3141,11702959.0,303.69,1.0,1,51400,74.0,5,Other
3144,1634669.375,11.4,1.0,1,26263,64.0,23,Small- and Mid-Sized Office
3152,72370.39844,0.5,1.0,2,39212,96.0,110,Other
3155,5170809.5,158.6,0.0,1,21400,60.8,48,Other
3156,53166156.0,2549.47,1.0,8,178000,80.6,16,Other
3158,40613740.0,537.03,1.0,4,162157,52.6,11,Large Office
3160,8926736.0,94.63,1.0,4,33997,23.0,13,Other
3162,17463744.0,163.19,1.0,11,526423,97.0,4,Large Office
3163,1357119.875,9.46,1.0,6,74211,97.0,114,Mixed Use Property
3165,1544193.75,15.5,1.0,2,45700,99.0,28,Warehouse
3168,18470340.0,549.11,8.0,0,502030,49.6,87,Other
3171,31803568.0,619.9,1.0,2,53575,48.8,4,Other
3173,11624548.0,92.07,1.0,6,157345,63.0,4,Large Office
3175,6275367.5,175.46,1.0,5,136758,90.0,4,Other
3176,8767617.0,191.97,1.0,7,192259,72.0,4,Other
3178,5475367.0,38.17,2.0,2,137138,68.6,4,Other
3187,57764408.0,1789.69,1.0,8,330000,58.0,3,Other
3192,3886545.0,144.41,1.0,3,43832,67.0,98,Retail Store
3193,11730555.0,325.94,1.0,6,146363,59.4,29,Other
3198,14697487.0,352.77,1.0,1,67263,78.0,5,Other
3199,13458948.0,147.84,1.0,13,354086,88.0,28,Large Office
3201,1933811.625,57.59,1.0,2,70292,37.0,8,Worship Facility
3203,41680640.0,290.57,1.0,7,90679,100.0,41,Other
3205,41696464.0,1088.25,0.0,8,339591,52.6,3,Other
3214,2912264.0,51.59,1.0,2,35780,22.0,2,Other
3216,1363191.625,9.5,1.0,3,105061,100.0,3,Large Office
3218,2502131.0,20.1,1.0,3,62662,67.0,3,Small- and Mid-Sized Office
3221,3497215.5,24.38,1.0,4,62381,62.0,3,Hotel
3228,7531325.0,184.81,1.0,6,79805,25.0,3,Other
3232,2429214.0,54.98,0.0,1,29000,70.0,54,Other
3233,25959642.0,809.76,1.0,6,305025,40.0,3,Other
3235,4581493.0,42.2,1.0,7,333714,63.4,2,Large Office
3240,544172.375,16.13,1.0,2,56988,80.6,2,Other
3252,6335315.5,107.29,4.0,2,149856,77.8,9,Other
3253,1546484.875,38.13,1.0,2,44162,65.2,6,Other
3254,12095818.0,457.51,1.0,1,53775,65.6,3,Other
3259,2274296.75,29.4,0.0,2,64820,75.6,104,Small- and Mid-Sized Office
3260,3185005.25,74.3,1.0,2,99765,65.2,23,Other
3261,37022180.0,1280.81,1.0,3,428347,63.4,91,Other
3264,163945984.0,6330.91,1.0,8,374466,74.0,96,Other
3267,2737534.5,58.28,1.0,3,197395,66.6,27,Other
3268,7768057.5,82.58,1.0,8,41198,44.0,6,Other
3273,2159170.25,51.39,1.0,0,40265,60.6,7,Other
3276,4926695.0,103.65,1.0,0,176225,91.0,5,Other
3278,15965859.0,437.2,1.0,0,166991,19.0,63,Other
3279,6960904.5,48.53,1.0,0,89392,16.0,46,Other
3280,3894142.5,62.41,1.0,0,97040,69.0,5,Other
3281,16371039.0,213.7,1.0,6,427181,99.0,2,Large Office
3290,940844.6875,9.91,1.0,4,101580,60.4,2,Other
3294,1399581.625,9.76,1.0,3,33648,77.0,2,Other
3312,2346692.5,65.01,1.0,5,37873,69.0,1,Small- and Mid-Sized Office
3317,18760766.0,214.19,1.0,10,513816,57.0,1,Large Office
3319,5525072.5,50.32,1.0,14,144614,89.0,1,Hotel
3320,12720069.0,147.14,1.0,12,480702,99.0,2,Large Office
3321,627854.125,4.38,1.0,2,25532,86.0,2,Mixed Use Property
3322,4991893.5,91.98,1.0,2,108036,66.2,1,Other
3324,13998638.0,202.12,1.0,12,483397,98.0,1,Large Office
3329,13239050.0,245.16,1.0,13,536697,98.0,2,Large Office
3337,6042399.5,131.02,1.0,4,126823,72.0,2,Hotel
3338,3605855.5,157.7,1.0,1,52085,37.0,61,Warehouse
3339,4420650.5,134.8,1.0,2,24990,9.0,87,Small- and Mid-Sized Office
3340,2925780.0,67.65,1.0,1,72000,65.0,3,Other
3347,1325972.75,9.24,1.0,3,45000,77.0,1,Other
3356,39364116.0,1000.06,1.0,6,345290,52.6,1,Mixed Use Property
3359,3180819.25,22.17,1.0,1,68072,80.0,54,Other
3360,636965.5,4.44,1.0,1,20616,86.0,11,Mixed Use Property
3361,851053.8125,29.18,1.0,1,11685,72.0,3,Other
3362,783423.0,23.0,1.0,1,11968,78.6,6,Other
3363,645665.375,14.37,1.0,1,11285,83.2,67,Other
3364,936616.5,24.73,1.0,1,16795,77.0,105,Other
3365,5117308.5,216.18,1.0,1,12769,49.6,44,Other
3366,502667.6875,3.5,1.0,1,13661,75.0,64,Other
3367,5976246.0,259.22,1.0,1,23445,60.6,104,Other
3368,1813404.0,60.81,1.0,1,20050,49.4,22,Mixed Use Property
3369,387810.0,7.79,1.0,1,15398,93.0,56,Other
3370,932082.125,20.33,1.0,1,18261,65.6,34,Other
3371,849745.6875,20.94,1.0,1,12294,46.0,26,Other
3372,950276.1875,32.17,1.0,1,16000,78.2,12,Other
3373,5765898.0,223.54,1.0,1,13157,62.4,42,Other
3374,719471.1875,22.11,1.0,1,14101,83.2,27,Mixed Use Property
3375,1152896.25,41.27,1.0,1,18258,48.4,78,Mixed Use Property
